error,base
-0.04424651456065476,-0.04768339917063713
-0.012029657140374184,-0.022669648751616478
0.0213282760232687,0.011866706423461437
-0.04467538557946682,-0.058148421347141266
-0.013159290654584765,-0.014207233674824238
0.01775785442441702,0.024194791913032532
0.07934538880363107,0.08592715114355087
0.02324806433171034,0.017972415313124657
-0.025021214736625552,-0.02634667418897152
-0.02283189631998539,-0.024851350113749504
-0.031015878543257713,-0.0248023122549057
-0.011533164419233799,-0.015283809043467045
-0.03184593701735139,-0.033771105110645294
-0.030175138264894485,-0.03631742298603058
-0.014058131258934736,-0.017419962212443352
0.0011653350666165352,0.00469255680218339
0.0023332438431680202,0.00841423962265253
0.002383023500442505,0.003833253402262926
-0.003967098891735077,0.0
-0.003977771615609527,-0.003690629033371806
-0.018710641656070948,-0.016706444323062897
-0.013716091867536306,-0.005636978428810835
0.029191039502620697,0.037526171654462814
0.02809812780469656,0.040453072637319565
0.020841512363404036,0.025429219007492065
-0.01788799511268735,-0.015367898158729076
-0.016256848350167274,-0.011664074845612049
0.0022007975494489074,0.0037908703088760376
-0.005926828365772963,-0.011981711722910404
-0.002681056037545204,-0.00928402878344059
-0.0023229485377669334,-0.0028324155136942863
-0.0056529538705945015,-0.005584809463471174
0.0023983423598110676,-0.004606099333614111
-0.005107007920742035,-0.008205775171518326
0.014452442992478609,0.008504493162035942
0.007533027324825525,0.0028721876442432404
0.014908379409462214,0.009228321723639965
0.01882399059832096,0.009228321723639965
0.030603623017668724,0.019395384937524796
0.015725812409073114,0.010074097663164139
0.033308833837509155,0.028519628569483757
0.02083404827862978,0.014531208202242851
0.020207549445331097,0.014531208202242851
-0.0023576393723487854,-0.008123975247144699
-0.023777778260409832,-0.02861538529396057
-0.035095950472168624,-0.03676922991871834
-0.06135015154723078,-0.06303605437278748
-0.0303931831731461,-0.03135888651013374
-0.01014687237329781,-0.012937230058014393
0.012437214376404881,0.009731155820190907
0.004792097024619579,-0.0009810333140194416
-0.015050636837258935,-0.0132686085999012
-0.01832755422219634,-0.012414244003593922
-0.013555545825511217,-0.007692307699471712
0.004049551906064153,0.004755657631903887
0.02040639193728566,0.01736685447394848
0.010706086177378893,0.014514266513288021
0.0026384503580629826,-0.004733148496598005
-0.001289240550249815,-0.008616484701633453
-0.0012162677012383938,-0.00471468036994338
-0.026630227454006672,-0.029681863263249397
-0.015320631908252835,-0.016234831884503365
-0.02612856589257717,-0.024828488007187843
0.008951312396675348,0.004056109581142664
0.017114432994276285,0.010668444447219372
0.04169255821034312,0.035175878554582596
0.012499210424721241,0.011782527901232243
0.001960038673132658,0.0
-0.03710164153017104,-0.03770226612687111
-0.0038226888282224536,-0.004824488423764706
-0.016246064100414515,-0.018307767808437347
-0.016080230241641402,-0.019841937348246574
-0.02474331809207797,-0.025576729327440262
-0.01905783242546022,-0.019489247351884842
-0.038121707271784544,-0.04374678432941437
-0.02857045829296112,-0.0375707671046257
-0.08477418194524944,-0.08738861978054047
-0.021858465624973178,-0.024937208741903305
-0.000410331878811121,-0.007843137718737125
0.020810273475944996,0.03417198732495308
-0.010731671936810017,0.0027598896995186806
-0.041430672630667686,-0.022278117015957832
-0.028331244364380836,-0.019789397716522217
-0.030405552126467228,-0.03082568757236004
-0.095554337836802,-0.08287394046783447
-0.13585040625184774,-0.12280052155256271
-0.14980962593108416,-0.1474820077419281
-0.0967637449502945,-0.09356842190027237
0.019767559599131346,0.021537162363529205
0.11388612980954349,0.11636686325073242
0.15570544265210629,0.15959328413009644
0.08472303382586688,0.08433236926794052
0.04357037611771375,0.043564751744270325
0.008379311766475439,0.009721692651510239
0.02520714420825243,0.03736180067062378
0.03935795649886131,0.05547083541750908
0.026904020458459854,0.045308664441108704
0.002898135222494602,0.014884233474731445
-0.0006303228437900543,-0.0025284450966864824
0.00015987548977136612,-0.0065017156302928925
-0.05684065539389849,-0.06083650141954422
-0.027808780781924725,-0.03838493674993515
0.007327166385948658,-0.006726049818098545
0.07636834494769573,0.06477732956409454
0.0667461371049285,0.05629824846982956
0.022633612155914307,0.014641288667917252
0.02744575683027506,0.015752308070659637
0.030834793113172054,0.016934046521782875
0.040216115303337574,0.02904040366411209
0.027936005033552647,0.022103385999798775
-0.012642289977520704,-0.006485539022833109
-0.014908790122717619,-0.007712532766163349
0.034809145610779524,0.041855599731206894
0.0373549492796883,0.03740296512842178
0.05199324758723378,0.04769475385546684
-0.018569334410130978,-0.02427184395492077
0.004402343183755875,-0.00867346953600645
-0.006131529808044434,-0.013657055795192719
0.004968986846506596,0.0036026763264089823
-0.004425833700224757,0.0036026763264089823
-0.009196576662361622,-0.00615384615957737
-0.0377389476634562,-0.034871794283390045
-0.031580483075231314,-0.034871794283390045
-0.028339309617877007,-0.028895769268274307
0.0032175624510273337,-0.0012398158432915807
-0.04123729094862938,-0.046404533088207245
-0.03869439335539937,-0.039851222187280655
-0.04695831681601703,-0.05036354064941406
-0.02300120680592954,-0.025631500408053398
-0.005279241129755974,-0.014941892586648464
0.014718059333972633,-0.0013071895809844136
0.03443167544901371,0.020777735859155655
0.004596526036038995,-0.001310861436650157
0.010836061555892229,0.00804038904607296
0.013725618831813335,0.009523809887468815
0.020400710869580507,0.013688355684280396
0.009274901356548071,0.002782415132969618
0.009609766770154238,0.005364410113543272
0.0324415669310838,0.032371439039707184
0.04922398691996932,0.04180540144443512
0.07418133202008903,0.07102116197347641
0.06282556615769863,0.04819924756884575
0.042747339233756065,0.032315339893102646
0.014696150086820126,0.007558838464319706
0.011475771898403764,0.0025641026441007853
0.004988513654097915,-0.0025799793656915426
-0.004075319971889257,-0.011253196746110916
-0.01907241204753518,-0.021142369136214256
-0.019694805145263672,-0.02000344917178154
0.0175354378297925,0.012588377110660076
0.038146556820720434,0.034314580261707306
0.05332847870886326,0.0512053482234478
-0.0009644711390137672,-0.007322888355702162
-0.013376705814152956,-0.01835634931921959
-0.017150837928056717,-0.02561098150908947
0.009486010298132896,0.0
0.01023481972515583,0.0
0.03674336522817612,0.02508160099387169
0.020773676224052906,0.014925372786819935
0.03436083346605301,0.024875622242689133
0.07098605576902628,0.06234288588166237
0.11945112142711878,0.1132522001862526
0.18116579053457826,0.17927686870098114
0.06718732044100761,0.07004259526729584
0.021854886785149574,0.017764955759048462
-0.03892635088413954,-0.04854506626725197
0.008847954217344522,-0.0042753941379487514
-0.03864793945103884,-0.04893331229686737
-0.0023113396018743515,-0.010890645906329155
-0.0032264930196106434,0.005330174695700407
0.03351927222684026,0.03999999910593033
0.0028804661706089973,0.008748115040361881
-0.010377633152529597,-0.012812959961593151
0.0034352834336459637,0.0054298643954098225
-0.012897085398435593,-0.0195873212069273
0.00971791846677661,0.0032821125350892544
0.033881905023008585,0.0274527445435524
0.041261989157646894,0.04453255981206894
-0.0031354976817965508,0.01085501816123724
-0.01236520241945982,0.0030661411583423615
-0.012670392170548439,0.0
-0.02101548295468092,-0.011915269307792187
-0.07980000507086515,-0.06462882459163666
-0.03880973905324936,-0.030953424051404
-0.03983448911458254,-0.03468810394406319
0.02137391990981996,0.01929660700261593
-0.005825230851769447,-0.01099894568324089
0.05753476917743683,0.0461135096848011
0.03540514223277569,0.017709923908114433
0.03691938426345587,0.02559415064752102
-0.00238175131380558,-0.009730207733809948
0.01359366811811924,0.00555055495351553
0.0038904757238924503,-0.0043077836744487286
0.010181214660406113,0.004466279409825802
0.029924631817266345,0.02819632925093174
0.014454640448093414,0.019543487578630447
-0.0026048613945022225,-0.0011857121717184782
-0.011773011356126517,-0.011607660911977291
-0.005683533381670713,-0.005267778877168894
-0.016323477029800415,-0.01617450639605522
-0.03634193888865411,-0.03948913514614105
-0.045283685554750264,-0.0461900569498539
-0.022745982161723077,-0.022021116688847542
0.005275979405269027,0.002139691263437271
0.0037077353335916996,0.0
0.006560938898473978,0.007850092835724354
-0.0010425492655485868,0.0022876316215842962
0.030984607990831137,0.0337754487991333
0.016439060447737575,0.018990343436598778
-0.0007125379052013159,0.0021302495151758194
-0.03341942676343024,-0.032671939581632614
-0.036576095153577626,-0.03829403966665268
-0.05321289587300271,-0.052991192787885666
-0.04295791173353791,-0.05058605968952179
-0.036822568625211716,-0.044347282499074936
-0.00135846808552742,-0.007054673507809639
0.01575219538062811,0.006010396406054497
0.0351917315274477,0.023856209591031075
0.03263296466320753,0.023575004190206528
0.027315135579556227,0.02002260647714138
0.015022729523479939,0.009256304241716862
-0.0035345377982594073,-0.0034705789294093847
-0.004390668356791139,-0.0023745449725538492
-0.005689468001946807,-0.003478810889646411
-0.025521414005197585,-0.0254867821931839
-0.019846022594720125,-0.024278007447719574
-0.031987272668629885,-0.034592192620038986
-0.007623231038451195,-0.010558804497122765
-0.01646870980039239,-0.021304277703166008
-0.014167847111821175,-0.01808021031320095
-0.029426136054098606,-0.035954687744379044
-0.019159446004778147,-0.02426055260002613
-0.015113773755729198,-0.017073987051844597
0.0037787773180752993,-0.0037465940695255995
0.029576312750577927,0.019925067201256752
0.023259327746927738,0.017370572313666344
0.028302048332989216,0.019999999552965164
-0.016729922965168953,-0.02671564556658268
-0.01780855329707265,-0.02427184395492077
-0.018166065216064453,-0.02446790598332882
-0.020558598451316357,-0.02504717744886875
-0.020049691665917635,-0.02504717744886875
-0.016294573433697224,-0.02250472456216812
0.011995939072221518,0.005102938506752253
0.01386961666867137,0.006334682460874319
0.030023375526070595,0.017926186323165894
0.02402443252503872,0.014005602337419987
0.014642528258264065,0.0064696623012423515
-0.017558502033352852,-0.02520718239247799
0.00030352617613971233,-0.0024171271361410618
0.024469879688695073,0.025191104039549828
0.04294611793011427,0.04658165201544762
0.02943997923284769,0.03392177075147629
0.04949034354649484,0.04948313906788826
0.0644347695633769,0.060416314750909805
0.019853847566992044,0.012219618074595928
-0.012649801559746265,-0.022444695234298706
-0.02406708337366581,-0.030322374776005745
0.008080521365627646,0.001157598802819848
0.011489063501358032,0.0
-0.00898523535579443,-0.01678735949099064
0.013270412106066942,0.009745622985064983
0.012187152518890798,0.010901883244514465
0.008293178863823414,0.007034189533442259
0.012137704994529486,0.007189542520791292
0.02172111821710132,0.021405229344964027
0.031181751750409603,0.03423101827502251
0.018839184544049203,0.019836826249957085
0.02317065407987684,0.02335626259446144
-0.03736005048267543,-0.03999999910593033
0.009402514435350895,0.00800000037997961
0.023439501877874136,0.030795685946941376
0.0709480014629662,0.07385621219873428
-0.03482080379035324,-0.034080300480127335
-0.07692293194122612,-0.07734303921461105
-0.06832147331442684,-0.06877662986516953
0.007678149966523051,0.003866602201014757
0.023164394311606884,0.01808021031320095
0.020513507071882486,0.014379085041582584
-0.019586470851209015,-0.018937570974230766
-0.01610786421224475,-0.011947045102715492
-0.00019289623014628887,-0.0022551545407623053
0.012233400251716375,0.007197775412350893
0.016225761850364506,0.014379085041582584
0.0373151320964098,0.03212786465883255
0.04711179621517658,0.04547669366002083
0.04292635526508093,0.04397551715373993
0.004137461190111935,0.003441263921558857
-0.01610597997205332,-0.016001243144273758
-0.014421368134208024,-0.01481252908706665
-0.0024486088077537715,-0.0023382697254419327
0.013829643372446299,0.010419955477118492
0.013385982252657413,0.01392325758934021
0.012184935621917248,0.009218749590218067
0.025590262841433287,0.025312500074505806
0.009503406006842852,0.01360848918557167
0.01321163889952004,0.013779222965240479
-0.002893575467169285,-0.006705272942781448
-0.006200835108757019,-0.011124657467007637
-0.027341359644196928,-0.028252901509404182
-0.011844184249639511,-0.0168763417750597
0.0061174738220870495,0.0
0.03344462625682354,0.025616846978664398
0.04561641858890653,0.039013732224702835
0.03092643804848194,0.02727692946791649
0.023532794788479805,0.02022678591310978
-9.561143815517426e-05,-0.007659957744181156
-0.0016771210357546806,-0.010051005519926548
-0.001520814374089241,-0.008861520327627659
0.004483737633563578,-0.001210837042890489
-0.001168866641819477,-0.008940748870372772
0.007080210139974952,-0.002121533500030637
0.003327995305880904,-0.002121533500030637
0.009630745276808739,0.005657492205500603
-0.0012815881054848433,-0.0034927865490317345
0.003028563689440489,0.0
0.003828752785921097,0.0
0.003930520266294479,0.0
-0.0019015558063983917,-0.007896735332906246
-0.002428398933261633,-0.0077542951330542564
0.0007628272287547588,-0.005486132111400366
0.00645987200550735,-0.002296035410836339
0.0016230843029916286,-0.0068954951129853725
-0.017041377257555723,-0.02375114895403385
-0.01584413694217801,-0.02255292981863022
-0.008920011576265097,-0.01589260995388031
0.016234569251537323,0.006906294263899326
0.010255349683575332,0.0010987286223098636
0.0029484694823622704,-0.005801191553473473
-0.005883192177861929,-0.012626656331121922
-0.002845725161023438,-0.004546879790723324
0.0007722381269559264,0.0
-4.775391425937414e-05,0.0011051468318328261
0.018986593233421445,0.017325563356280327
0.036516338121145964,0.032644692808389664
0.03679089457727969,0.03485254570841789
0.09354257117956877,0.08685555309057236
0.08545335568487644,0.08109346032142639
0.09968196408590302,0.10012191534042358
0.04396694037131965,0.04401709511876106
0.038859355729073286,0.036445826292037964
0.008244410157203674,0.006095027085393667
-0.0033789947628974915,-0.006958657409995794
-0.01871029450558126,-0.01717323064804077
-0.017152709187939763,-0.014181467704474926
-0.0395846888422966,-0.023358065634965897
-0.025512421503663063,-0.015254472382366657
-0.02333111222833395,-0.008240223862230778
-0.004453579196706414,0.0009848058689385653
-0.007040234399028122,-0.0011266019428148866
-0.015774268191307783,-0.010421067476272583
-0.02809812850318849,-0.031061138957738876
-0.03076796612003818,-0.0311574786901474
-0.020069516031071544,-0.021061619743704796
-0.0038277357816696167,-0.005366985686123371
-0.01849435525946319,-0.01717112958431244
-0.017879298888146877,-0.014973106794059277
-0.01993758138269186,-0.011812746524810791
-0.006639384897425771,0.0022209060844033957
0.006117665790952742,-0.001033057807944715
0.010928454692475498,0.0011806375114247203
0.009658859577029943,0.002215984743088484
0.013568887021392584,0.002215984743088484
-5.781650543212891e-06,-0.005454009398818016
-0.004053681623190641,-0.00987617950886488
-0.007548038731329143,-0.008696934208273888
-0.025385264889337122,-0.02623388171195984
-0.054540050914511085,-0.05478636175394058
-0.06293317431118339,-0.06260222941637039
-0.05825269257184118,-0.05844748765230179
-0.019927258603274822,-0.025673333555459976
-0.007093231193721294,-0.015228426083922386
0.005110176978632808,-0.001131587428972125
0.004144621547311544,-0.00226317485794425
-0.0060292325797490776,-0.005798968952149153
0.0021183686330914497,0.004693316295742989
0.003297178540378809,0.009559299796819687
0.01625183131545782,0.02138690836727619
0.004609585739672184,0.007248711306601763
0.0046836750116199255,0.00465414859354496
-0.004637618316337466,-0.0034898477606475353
-0.019315198995172977,-0.016472093760967255
-0.011754776001907885,-0.012939296662807465
-0.03357322234660387,-0.03167780861258507
-0.004530568025074899,-0.001300813048146665
0.009798186947591603,0.008415601216256618
0.045298181008547544,0.046029917895793915
0.03529034066013992,0.035981763154268265
0.016614576801657677,0.021184399724006653
-0.00798221561126411,-0.002200220013037324
-0.00245335407089442,-0.003457488492131233
-0.004506394965574145,-0.003457488492131233
0.017348836874589324,0.016207275912165642
0.043637949507683516,0.039583660662174225
0.0211623627692461,0.016243495047092438
0.0018163402564823627,0.0
-0.05026382580399513,-0.04702669754624367
-0.021567975403741002,-0.01939789019525051
-0.00853131152689457,-0.01718873530626297
0.025491598062217236,0.018783826380968094
0.009061855729669333,0.015192276798188686
-0.004610446747392416,0.002365557476878166
-0.013992488849908113,-0.006874999962747097
-0.006964142667129636,-0.005767731927335262
0.00302872690372169,-0.0023599748965352774
0.022779198363423347,0.016205159947276115
0.002068542642518878,0.002351834438741207
-0.006216107401996851,0.0
-0.019397000782191753,-0.01826908253133297
0.0024571502581238747,0.0023463163524866104
0.004591715638525784,0.0012616306776180863
-0.021907438873313367,-0.023182462900877
-0.0426430378574878,-0.04385143518447876
-0.05960639542900026,-0.0604819655418396
-0.035776905016973615,-0.03810139000415802
-0.02806572476401925,-0.032479189336299896
-0.008059306535869837,-0.004861693363636732
-0.008789262734353542,-0.0036925142630934715
-0.0013906967360526323,0.001349527621641755
0.015768567100167274,0.006233153864741325
0.01526516443118453,0.004885444883257151
-0.060592370107769966,-0.06469002366065979
-0.05143995862454176,-0.05558345839381218
-0.047660212963819504,-0.05431684851646423
-0.03738072328269482,-0.043768011033535004
-0.0392494797706604,-0.05885481461882591
-0.05331609211862087,-0.06151391565799713
-0.01839388720691204,-0.02919570542871952
-0.0141378752887249,-0.034658126533031464
-0.030620476230978966,-0.045901019126176834
-0.06785641983151436,-0.08731082826852798
-0.12980106100440025,-0.1453658491373062
-0.1794690527021885,-0.19263511896133423
-0.05826943088322878,-0.07355441898107529
0.03993402700871229,0.026940640062093735
0.1025947816669941,0.08484551310539246
-0.052155093755573034,-0.05598898604512215
-0.12155479192733765,-0.0984882190823555
-0.09684394393116236,-0.08657323569059372
0.02752754185348749,0.034273214638233185
0.11394831631332636,0.12182490527629852
0.169524647295475,0.20440484583377838
0.15780341252684593,0.2129259705543518
0.08577755838632584,0.11848758161067963
-0.014950992539525032,0.016642695292830467
-0.04819415230304003,-0.03855841979384422
-0.017442720010876656,-0.01454402506351471
-0.00013035256415605545,0.010307194665074348
-0.009502435801550746,0.0030229745898395777
0.007245292421430349,0.007379337679594755
0.005785830784589052,0.010402080602943897
0.003923777025192976,0.00743419723585248
-0.047654749592766166,-0.045337557792663574
-0.031765580642968416,-0.027717282995581627
-0.0429014777764678,-0.0440765842795372
-0.004175882786512375,-0.01368726696819067
-0.031858078204095364,-0.030136428773403168
-0.03229970019310713,-0.021489672362804413
-0.004586413502693176,0.006097560748457909
-0.020249263383448124,-0.015326474793255329
0.052383379777893424,0.05330490320920944
0.031677424907684326,0.04158829525113106
0.08230386301875114,0.11471215635538101
0.07913746684789658,0.09716599434614182
0.06899187713861465,0.08747993409633636
-0.0036014090292155743,0.007077276241034269
-0.04537822725251317,-0.03948339447379112
-0.02754654362797737,-0.02601476013660431
0.01121906004846096,0.007027540355920792
0.032518813852220774,0.036688435822725296
0.07532195025123656,0.07690850645303726
0.08284741314128041,0.08468502759933472
0.03650924749672413,0.045210301876068115
-0.010177706833928823,-0.0038698329590260983
-0.02305923285894096,-0.020518170669674873
-0.023430712812114507,-0.023577379062771797
-0.01926246751099825,-0.023485785350203514
0.001299057388678193,0.002662879414856434
0.048328458331525326,0.05882352963089943
0.02680116705596447,0.03743218630552292
0.009775974322110415,0.016997167840600014
-0.02940035704523325,-0.020233195275068283
-0.018072889652103186,-0.00644936366006732
-0.01135800068732351,-0.001218662946484983
0.0017127175815403461,0.0014000700321048498
-0.002842565067112446,0.002456140238791704
-0.01635123824235052,-0.016733484342694283
-0.03610449144616723,-0.03355470299720764
-0.09052842808887362,-0.09677983820438385
-0.018236805219203234,-0.02091827616095543
0.017546734306961298,0.013381554745137691
0.0838971184566617,0.0930052325129509
0.015189023688435555,0.021365199238061905
0.021870833821594715,0.03015703149139881
0.019141427241265774,0.015600071288645267
-0.0028231292963027954,-0.010459138080477715
-0.03533348627388477,-0.03568335250020027
-0.03246077662333846,-0.02705533243715763
-0.02112672501243651,-0.022572554647922516
0.002625263761729002,0.0
0.014654038473963737,0.017222819849848747
0.03719616960734129,0.039222873747348785
0.03163266077172011,0.030537093058228493
0.05256205378100276,0.05079365149140358
0.0450677159242332,0.05079365149140358
0.029363663867115974,0.03329266235232353
0.0011831343872472644,0.0
-0.01365346321836114,-0.017287680879235268
-0.011473798658698797,-0.016194332391023636
-0.009330006316304207,-0.0036925142630934715
0.016593297943472862,0.02134927362203598
0.026628853753209114,0.030349794775247574
-0.004009612835943699,0.0
-0.027364463545382023,-0.023411370813846588
-0.038243466056883335,-0.03311699256300926
-0.03999938117340207,-0.03739892318844795
-0.0095531833358109,-0.0051369862630963326
-0.02760085090994835,-0.035456109791994095
-0.08309572259895504,-0.08505425602197647
-0.03836300829425454,-0.03803786635398865
-0.031113335397094488,-0.026409707963466644
0.09022282622754574,0.08033664524555206
0.03240731358528137,0.025049204006791115
0.043140605092048645,0.060850441455841064
0.025087073910981417,0.03133852779865265
0.01901357527822256,0.0244370736181736
0.024484903551638126,0.013994471170008183
0.007527809590101242,0.007553648203611374
-0.005429538432508707,0.0
0.003237321274355054,-0.0023854149039834738
0.0076540515292435884,-0.0023854149039834738
0.003320453455671668,-0.0023854149039834738
0.008076728321611881,0.003757472150027752
0.006051644217222929,0.003757472150027752
0.008613098645582795,0.0023911187890917063
0.009527543094009161,0.0037434063851833344
0.010779889300465584,0.0037434063851833344
0.0016254604561254382,-0.0011927074519917369
0.0023509461898356676,0.0
-0.0033475011587142944,-0.005085607524961233
0.0009866594336926937,0.0
-0.025551140774041414,-0.01881674863398075
-0.028175541199743748,-0.012438234873116016
-0.020787933841347694,-0.012623677961528301
-0.007545593427494168,0.0025915687438100576
0.0029300032183527946,0.012594892643392086
0.0041878921911120415,0.01917760819196701
0.009567169938236475,0.004997415002435446
-0.016810363391414285,-0.013801328837871552
-0.017207876546308398,-0.01746058650314808
-0.015138992108404636,-0.01251714676618576
-0.011384738492779434,-0.010193503461778164
-0.021694820374250412,-0.014147687703371048
-0.025745456106960773,-0.016669560223817825
-0.011650579050183296,-0.0064583695493638515
-0.016273542307317257,-0.010325516574084759
-0.0027102793101221323,0.0012360939290374517
-0.007549663656391203,-0.00122979620937258
-0.0010910768760368228,0.0014146772446110845
0.0076661864295601845,0.007760141044855118
-0.006436783820390701,0.0
0.0034708757884800434,0.003884866600856185
-0.011810113093815744,-0.011550577357411385
-0.02105164434760809,-0.02339489944279194
-0.021270818659104407,-0.020756376907229424
0.0043002034071832895,0.00655099144205451
0.000931568443775177,0.007925071753561497
0.004066533874720335,0.006646308582276106
-0.01599214063026011,-0.013016710989177227
0.008101162500679493,0.011972838081419468
0.004145007114857435,0.007851534523069859
0.006287606433033943,0.011940830387175083
0.003696814179420471,0.009005826897919178
0.014151984825730324,0.019652973860502243
0.010581609793007374,0.01937301829457283
-0.004613376688212156,0.0
-0.019425953272730112,-0.014064941555261612
-0.04133512172847986,-0.030580511316657066
-0.027396604418754578,-0.01662583090364933
-0.015491306781768799,-0.007925326004624367
0.014821283984929323,0.018356798216700554
0.04052729671820998,0.04324612766504288
0.02247320767492056,0.027516420930624008
0.001091695623472333,0.0014000700321048498
-0.053139861673116684,-0.04912998899817467
-0.033378494903445244,-0.029198341071605682
-0.020653891609981656,-0.02062216028571129
0.003703722031787038,0.003946896176785231
-0.007391102612018585,-0.005339028313755989
-0.00907042808830738,-0.001427551731467247
-0.005951220169663429,-0.002501786919310689
0.0007915011374279857,-0.0012524601770564914
0.0331940371543169,0.02769835665822029
0.030106098856776953,0.02239340730011463
0.015060833422467113,0.01182371936738491
-0.01093337865313515,-0.010259085334837437
0.007966248085722327,0.011564744636416435
-0.0019268377218395472,0.0
0.01563454559072852,0.014230499044060707
-0.014227745006792247,-0.012645072303712368
0.011033736052922904,0.011685552075505257
0.0049878922291100025,0.002598302438855171
0.041648090817034245,0.04263157770037651
0.08223721361719072,0.08137907087802887
0.06633464619517326,0.06375259160995483
0.026940154377371073,0.026081103831529617
-0.005891305161640048,-0.009548470377922058
-0.008837444358505309,-0.010719506070017815
0.013309711590409279,0.007215480320155621
0.028108446043916047,0.026470588520169258
0.02134517254307866,0.02774585410952568
0.01404327666386962,0.019211983308196068
-0.012344279326498508,-0.00588984414935112
-0.00729191699065268,-0.005910543259233236
-0.0019632671028375626,0.001118210842832923
-0.007751490920782089,-0.012970376759767532
0.010218995623290539,0.007070544641464949
0.02634083293378353,0.02361576445400715
0.030329696368426085,0.028715120628476143
0.016992992721498013,0.014201371930539608
-0.02417621621862054,-0.026500388979911804
-0.007592124165967107,-0.00804289523512125
0.01431679679080844,0.010383889079093933
0.023692389018833637,0.02610088139772415
0.023407735396176577,0.02448330633342266
-0.016265759244561195,-0.009187169373035431
0.0036178058944642544,0.007958801463246346
0.004991567577235401,0.0035692115779966116
0.04584979987703264,0.0463617779314518
0.03231302695348859,0.02972596324980259
0.014505338855087757,0.02041131816804409
0.01013292744755745,0.01892460137605667
0.062093055341392756,0.05984062701463699
0.06092931772582233,0.05925140157341957
0.031278399168513715,0.030365565791726112
0.005097409710288048,0.008369981311261654
0.08553361520171165,0.08755365014076233
0.09271903382614255,0.09070099890232086
0.04995553940534592,0.04670793563127518
-0.03607787797227502,-0.033938437700271606
-0.013956602895632386,-0.01744491048157215
0.002181793504860252,0.0009408601908944547
-0.013490519486367702,-0.02805010974407196
-0.03258139220997691,-0.040315043181180954
-0.014919960871338844,-0.019739491865038872
0.029059702763333917,0.025777528062462807
0.0349672706797719,0.020587008446455002
-0.012579162139445543,-0.010136986151337624
-0.07567205280065536,-0.05435673147439957
-0.14401234313845634,-0.12171187251806259
-0.06011622864753008,-0.045945197343826294
-0.06015864387154579,-0.05964760109782219
0.07907047774642706,0.08022966980934143
0.021568335592746735,0.03959965333342552
0.09513387084007263,0.11442174762487411
0.04389054607599974,0.05186036601662636
-0.02749920031055808,-0.02567322365939617
-0.0130138392560184,-0.01626240275800228
0.014390046708285809,0.017071837559342384
0.08611407224088907,0.08964628726243973
0.06897035799920559,0.06500419974327087
0.039785255677998066,0.04753591865301132
0.013171795755624771,0.020370613783597946
-0.0022999111097306013,-0.0028939752373844385
-0.01665681693702936,-0.028329702094197273
-0.020887247286736965,-0.03516228869557381
0.008883958216756582,0.0019788919016718864
0.0032773842103779316,0.0
0.0007720155990682542,-0.0009344546706415713
-0.02382965199649334,-0.029098091647028923
-0.042239107424393296,-0.04274406284093857
-0.03868020372465253,-0.042357027530670166
-0.010804335586726665,-0.018036343157291412
0.023444474674761295,0.015159867703914642
0.03034824796486646,0.028882376849651337
0.0099785216152668,0.017262808978557587
8.270610123872757e-05,-0.0009503122419118881
-0.0066767612006515265,-0.005017629358917475
0.004144764505326748,-0.005973391234874725
0.0026714690029621124,-0.0010871042031794786
-0.015137979993596673,-0.01717323064804077
0.0010624927235767245,0.0
-0.013480650493875146,-0.009930621832609177
-0.003681136993691325,-0.006101788952946663
-0.022295169532299042,-0.026222344487905502
-0.025727612897753716,-0.030502885580062866
-0.003637355752289295,-0.01032510120421648
0.0004984880797564983,-0.004067321307957172
0.016509682405740023,0.016723355278372765
0.030844608321785927,0.029183702543377876
0.04678352037444711,0.045627377927303314
0.04990845685824752,0.04530248045921326
0.027190780732780695,0.027260273694992065
-0.007847661152482033,-0.002020202111452818
-0.028372151777148247,-0.01973596401512623
-0.032494045328348875,-0.02760368026793003
0.006728571839630604,0.012955465354025364
0.016386648640036583,0.028159433975815773
0.008262118324637413,0.01618211716413498
-0.010445430409163237,-0.005861977115273476
-0.017387695610523224,-0.01468642521649599
0.04377475194633007,0.039811067283153534
0.06991503410972655,0.0731707289814949
0.014484887011349201,0.020813750103116035
-0.007198284845799208,0.0048020766116678715
-0.1043190248310566,-0.08291707932949066
-0.050550322979688644,-0.029992107301950455
-0.055447060614824295,-0.0390080064535141
-0.02722465875558555,-0.00299564260058105
-0.03690174873918295,-0.008001084439456463
-0.031449069269001484,-0.012903225608170033
-0.019420153461396694,-0.00600928720086813
-0.030822018161416054,-0.021189337596297264
-0.01519857719540596,-0.0050381263718008995
-0.006945698289200664,-0.00714481994509697
0.005847317399457097,0.006145251449197531
-0.028585285414010286,-0.021212536841630936
-0.022048262879252434,-0.008164959959685802
0.027020392939448357,0.03164908289909363
0.015330853872001171,0.01957494392991066
0.029845813754945993,0.0329287014901638
0.008526811143383384,0.01197524182498455
0.043555968441069126,0.05060340091586113
0.0452673239633441,0.05578819289803505
0.013640407472848892,0.025528520345687866
0.006687355227768421,0.017360657453536987
-0.020721983164548874,-0.015097236260771751
-0.0032664015889167786,0.0
-0.03362651355564594,-0.02938157506287098
-0.0003782121930271387,-0.0038971160538494587
-0.005989024299196899,-0.0019447685917839408
0.02471493324264884,0.027362855151295662
-0.006262973416596651,0.004825247917324305
0.010506044141948223,0.015328656882047653
-0.00649462197907269,-0.0010293361265212297
0.007782102562487125,0.015314730815589428
-0.027102363295853138,-0.01791197620332241
0.006398051045835018,0.006697578355669975
0.0337689770385623,0.035791896283626556
0.06703693140298128,0.08168316632509232
0.015749625861644745,0.03774309158325195
-0.026869893074035645,-0.008145131170749664
-0.009972135478165,-0.0009635071619413793
0.018185329157859087,0.018123535439372063
0.020385056268423796,0.02289411425590515
-0.014901279006153345,-0.010608800686895847
-0.011437364388257265,0.000968757551163435
-0.008052746299654245,0.005473786499351263
0.023449423722922802,0.037650786340236664
0.0506549384444952,0.057948220521211624
0.045820862520486116,0.05262521281838417
0.0008857538923621178,0.014795678667724133
-0.02152752736583352,-0.00503144646063447
0.0016793659888207912,0.0042523848824203014
-0.055442410288378596,-0.058898404240608215
-0.008785661833826452,-0.008504769764840603
-0.040876694954931736,-0.029526207596063614
0.01628774870187044,0.01991884969174862
-0.07505513378418982,-0.07696765661239624
-0.052534719463437796,-0.04787736013531685
-0.031526931561529636,-0.027245327830314636
0.02013376564718783,0.0208464153110981
-0.0037548267282545567,-0.005201882682740688
-0.04642140830401331,-0.04734167829155922
-0.03287372714839876,-0.033583465963602066
-0.00572211854159832,-0.009088645689189434
0.06474897137377411,0.06413425505161285
0.015139457304030657,0.009292260743677616
0.020293951500207186,0.014825982972979546
-0.02570801042020321,-0.0288508553057909
-0.01190172228962183,-0.01021566428244114
-0.008053299970924854,-0.015476043336093426
0.006932216230779886,0.004657603334635496
0.012543431716039777,0.015035677701234818
0.025387315079569817,0.027665995061397552
0.018860566313378513,0.02029820904135704
0.03446870855987072,0.03339191526174545
0.02531363908201456,0.027165932580828667
0.06142345815896988,0.062384869903326035
0.046557614812627435,0.04737609252333641
0.015986414160579443,0.01834643818438053
-0.007014946546405554,-0.0033522136509418488
0.02980126440525055,0.02563210390508175
0.004019717685878277,0.0
-0.04058875981718302,-0.0512642078101635
-0.07679134560748935,-0.08334275335073471
-0.04022595612332225,-0.04305100440979004
-0.02817861083894968,-0.026161368936300278
-0.020731542725116014,-0.02541327476501465
-0.03445959137752652,-0.033374082297086716
-0.0162470075301826,-0.01016821525990963
-0.010225251782685518,-0.005569620057940483
-0.004910238785669208,-0.0036676363088190556
-0.0021611577831208706,-0.0008877615910023451
-0.006657683756202459,-0.001909368671476841
-0.007855890551581979,0.0008885504212230444
0.022331003099679947,0.014089870266616344
0.0391788724809885,0.0300982017070055
0.015915957745164633,0.008497146889567375
0.0017638308927416801,-0.006634121760725975
-0.01580992410890758,-0.019190292805433273
-0.005140694323927164,-0.00842555332928896
-0.006333810859359801,-0.006426411215215921
-0.002180754207074642,0.0045443070121109486
-0.017267479095607996,-0.01293595414608717
-0.0016806346829980612,0.0006341154221445322
-0.028471320401877165,-0.024503644555807114
-0.04313339479267597,-0.03250674530863762
-0.05048668850213289,-0.03941698372364044
-0.018750357907265425,-0.007471338380128145
0.02557990257628262,0.027091633528470993
0.008588594384491444,0.0025069271214306355
-0.01190177584066987,-0.01012329664081335
-0.02128785289824009,-0.01758469082415104
0.0005532311042770743,0.00131613586563617
-0.013829119503498077,-0.01901140622794628
-0.008351817028596997,-0.002500658156350255
0.004847122356295586,0.014064143411815166
0.04293318651616573,0.04544239491224289
0.027886430267244577,0.025597045198082924
0.0063574546948075294,0.006221645977348089
0.006676596007309854,0.006136537995189428
0.008467714069411159,0.01119258999824524
0.0031263057608157396,0.0012881618458777666
-0.023936176672577858,-0.02592121995985508
-0.02638165606185794,-0.027099236845970154
-0.013610789319500327,-0.013765598647296429
0.006741129443980753,0.006391860079020262
0.002846076968125999,0.0011769321281462908
-0.012808941304683685,-0.012653274461627007
-0.019234119215980172,-0.01762799732387066
-0.0028461820911616087,-0.0037878789007663727
0.010631349461618811,0.010305192321538925
0.04106366517953575,0.03839556500315666
0.035019016126170754,0.03186049684882164
0.08625150960870087,0.08630835264921188
0.03684797137975693,0.04078780114650726
0.042503970209509134,0.04942820966243744
-0.03214503126218915,-0.030335862189531326
-0.015002410858869553,-0.01904529333114624
-0.033513026079162955,-0.03535537049174309
-0.005421040114015341,-0.006083178333938122
0.0032089241431094706,0.0037336652167141438
0.0069713478442281485,0.007405547890812159
-0.01886417716741562,-0.010866849683225155
-0.014046062249690294,-0.012151271104812622
0.010788858402520418,0.016944928094744682
0.0164684746414423,0.018436672165989876
0.01724732865113765,0.018325593322515488
-0.019631418399512768,-0.014334721490740776
-0.030461456859484315,-0.030130192637443542
-0.02646568277850747,-0.029951928183436394
-0.004115115036256611,-0.003604723373427987
0.04231648403219879,0.03975965082645416
0.04024939984083176,0.035832274705171585
0.012000756803900003,0.009730539284646511
0.010633734287694097,0.013033321127295494
0.00829369225539267,0.008341511711478233
-0.0005913865752518177,-0.0048183840699493885
-0.020908568054437637,-0.029372496530413628
-0.04781041108071804,-0.05206812545657158
-0.039082658709958196,-0.03860956057906151
-0.009771710727363825,-0.008503188379108906
0.011382474098354578,0.010010266676545143
0.029909313190728426,0.023889463394880295
-0.003936097025871277,-0.008702232502400875
0.012985918670892715,0.01359593402594328
0.007814341690391302,0.006053726654499769
0.025061968713998795,0.02111959271132946
0.011061121942475438,0.0025072081480175257
0.03236221196129918,0.029208974912762642
0.01069107698276639,0.010839770548045635
0.04086450394243002,0.0448918342590332
0.01080153975635767,0.014250913634896278
-0.015566142741590738,-0.011956119909882545
-0.03939563548192382,-0.036022018641233444
-0.04036810342222452,-0.03386573866009712
0.0004483605735003948,0.003617764450609684
-0.012952147633768618,-0.014525139704346657
-0.020172557793557644,-0.014418893493711948
-0.01621082704514265,-0.009695462882518768
0.04092853679321706,0.041698161512613297
0.027027062140405178,0.029385799542069435
0.03920304018538445,0.0402912013232708
0.0013734439853578806,0.0035070746671408415
0.016214317409321666,0.018990444019436836
-0.01932426239363849,-0.019908301532268524
-0.023762168362736702,-0.021089419722557068
-0.044793400913476944,-0.03967776894569397
-0.022593844681978226,-0.016742583364248276
-0.06830852013081312,-0.05379785969853401
-0.07934129610657692,-0.06322774291038513
-0.06602554861456156,-0.05596594512462616
-0.009381338488310575,-0.006375227589160204
0.03392990166321397,0.031141405925154686
-0.014195042662322521,-0.018037134781479836
0.029090553987771273,0.030509361997246742
0.01878947112709284,0.02268308401107788
0.06385096628218889,0.06293895095586777
0.0013332553207874298,-0.008640406653285027
0.01192550454288721,0.012294042855501175
0.0020457353675737977,0.002541295951232314
0.0168026986066252,0.01499615516513586
-0.02542768558487296,-0.025541504845023155
-0.017997876973822713,-0.018504435196518898
-0.042593035846948624,-0.04179820790886879
-0.003809831920079887,-0.0012848515762016177
0.000140840420499444,0.003744834801182151
0.028069382067769766,0.034659989178180695
-0.010943671222776175,-0.003730863332748413
-0.0075154295191168785,0.0
-0.02464658347889781,-0.018596356734633446
-0.011585106840357184,-0.003744834801182151
-0.01316038565710187,-0.017496462911367416
-0.008535320870578289,-0.0125892274081707
-0.021786692086607218,-0.02397926151752472
-0.00795271701645106,-0.007594605442136526
-0.007726847659796476,-0.010252365842461586
0.010143525898456573,0.006507304031401873
-0.001468005939386785,-0.001319435308687389
-0.014101793756708503,-0.016733067110180855
-0.03826690465211868,-0.043673306703567505
-0.046876753680408,-0.05007266625761986
-0.011066928040236235,-0.01310102641582489
0.009426078293472528,0.005380794871598482
0.011884647887200117,0.006815020926296711
-0.006575594889000058,-0.009306144900619984
-0.008883952628821135,-0.010566762648522854
-0.00501009973231703,-0.006768890656530857
0.010712601593695581,0.0012432656949386
0.04881748743355274,0.04438280314207077
0.05803331173956394,0.05410291999578476
0.036781214410439134,0.03490618243813515
-0.02717779530212283,-0.02324037253856659
-0.0360513124614954,-0.02691647969186306
-0.03889955393970013,-0.029729370027780533
0.0035333922132849693,0.010605030693113804
-0.004604303394444287,-0.001355932210572064
0.00423175934702158,0.011953833512961864
-0.0047914995811879635,-0.0039015202783048153
0.009255240438506007,0.006653089076280594
0.012228796258568764,0.00787508487701416
0.005194970523007214,0.0013506213435903192
-0.017251550685614347,-0.01712975464761257
-0.016662086476571858,-0.01697426848113537
-0.041232629446312785,-0.04329646751284599
-0.02328960644081235,-0.025250446051359177
-0.03496856847777963,-0.03727559372782707
-0.024213879485614598,-0.026082051917910576
-0.0432970782276243,-0.0451921708881855
-0.050307932775467634,-0.046975087374448776
-0.06098062265664339,-0.06050955504179001
-0.07170384284108877,-0.08316130936145782
-0.047588096000254154,-0.061090365052223206
-0.04900357872247696,-0.056856703013181686
0.01928387815132737,0.015760695561766624
0.004005319671705365,0.004772510379552841
0.02585868025198579,0.023852311074733734
0.012218066491186619,0.0
-0.010079303057864308,-0.007758074905723333
0.06626478466205299,0.0666985809803009
0.06889223027974367,0.05683977156877518
0.06314742285758257,0.05425243452191353
0.030871550552546978,0.01600598357617855
0.0413987934589386,0.026217227801680565
0.026659006252884865,0.013319207355380058
-0.013442938216030598,-0.02723792754113674
-0.0665437844581902,-0.06671532988548279
-0.030201672110706568,-0.029126213863492012
-0.0022792257368564606,-0.016194945201277733
0.03634520620107651,0.01828562468290329
0.007806803565472364,-0.0015384615398943424
-0.007777310907840729,-0.0029230769723653793
0.006144102313555777,-0.0015207607066258788
0.03477861173450947,0.01648690365254879
0.05006295628845692,0.02993365190923214
0.05595954414457083,0.041846152395009995
0.035724056884646416,0.03835076466202736
0.031652976758778095,0.04269662871956825
0.03915941505692899,0.0380980521440506
0.014919771114364266,0.014598540030419827
0.0008858435321599245,-0.0028735632076859474
-0.012033399427309632,-0.01422475092113018
-0.011115476954728365,-0.014388489536941051
-0.00875356886535883,-0.01296829991042614
-0.011529317824169993,-0.014430014416575432
0.006359484512358904,-0.002919707912951708
-0.028149702586233616,-0.036496348679065704
-0.028693340718746185,-0.03367496281862259
-0.02784475963562727,-0.035139091312885284
0.013232680037617683,0.0
0.014003947377204895,0.0
-0.011192620731890202,-0.013657055795192719
-0.015360090881586075,-0.01515151560306549
-0.021941502578556538,-0.0181818176060915
-0.01857109647244215,-0.02769230678677559
-0.00965733453631401,-0.02769230678677559
-0.010792347602546215,-0.020061727613210678
0.014149845112115145,0.009493670426309109
0.004618163802661002,0.0015822785208001733
-0.013225053437054157,-0.022047244012355804
-0.025467189960181713,-0.037617553025484085
-0.030684910714626312,-0.03633491322398186
-0.026805898640304804,-0.025764895603060722
-0.04113774420693517,-0.03745928406715393
-0.011978131718933582,0.0
-0.0033490080386400223,0.00826446246355772
0.014027361758053303,0.0236886627972126
-0.009064230602234602,-0.013114754110574722
-0.01602366310544312,-0.014754097908735275
-0.007609930355101824,-0.0066115702502429485
0.001606496050953865,-0.003322259057313204
-0.008490283042192459,-0.018302828073501587
-0.010007156990468502,-0.02163061499595642
0.0003423006273806095,-0.004999999888241291
0.005850330577231944,-0.0016949152341112494
0.0039220633916556835,-0.001700680237263441
-0.008137283846735954,-0.013400334864854813
-0.004075760953128338,-0.003395585808902979
0.004267703392542899,-0.001703577465377748
0.007348206592723727,-0.0016977929044514894
0.03049132041633129,0.020442930981516838
0.02864275872707367,0.02389078587293625
0.05991414957679808,0.0595238097012043
0.0313881600741297,0.03338898345828056
0.05499138217419386,0.05000000074505806
-0.006776441470719874,-0.008025682531297207
-0.00257817842066288,-0.006462035700678825
-0.03293744003167376,-0.03333333507180214
-0.008154747076332569,-0.008090615272521973
-0.003211796982213855,-0.00162601622287184
0.003172202967107296,0.004926108289510012
0.0014032144099473953,0.0032626427710056305
-0.001727905182633549,-0.0016286644386127591
-0.0026117957895621657,0.0016339869471266866
-0.007560126832686365,-0.00650406489148736
-0.022419641260057688,-0.019575856626033783
-0.03255512472242117,-0.03099510632455349
-0.027153488947078586,-0.02618657983839512
-0.01237314660102129,-0.006655573844909668
0.027842961018905044,0.02693602629005909
0.010578153189271688,0.01344537828117609
-0.006670548114925623,0.0
-0.01908702647779137,-0.01803278736770153
0.013548079878091812,0.011608623899519444
0.027702693827450275,0.021775543689727783
0.026623092591762543,0.02003338932991028
-0.025123637286014855,-0.02459016442298889
-0.0255167072173208,-0.02295081876218319
-0.021776536013931036,-0.019639935344457626
0.030591957736760378,0.0319327749311924
0.02117081405594945,0.01845637522637844
0.0032711519161239266,0.001669449033215642
-0.020980275236070156,-0.014657980762422085
-0.01924961875192821,-0.018121911212801933
-0.025974389049224555,-0.02666666731238365
-0.021902059204876423,-0.026446281000971794
-0.01744434190914035,-0.021812081336975098
-0.009787952993065119,-0.01198630128055811
-0.02875618706457317,-0.028862478211522102
-0.04844538727775216,-0.04116638004779816
-0.06612181942909956,-0.06239167973399162
-0.10585449985228479,-0.10489510744810104
-0.08327439241111279,-0.09123434871435165
-0.0523513350635767,-0.0628465786576271
-0.006487489677965641,-0.015625
0.003795437514781952,-0.003937007859349251
0.07478743232786655,0.06114398315548897
0.06916510313749313,0.0634920671582222
0.07430524285882711,0.06324110925197601
0.005057430011220276,0.0018587360391393304
-0.04150990676134825,-0.033582091331481934
-0.017698433715850115,-0.024163568392395973
-0.009948469698429108,-0.020408162847161293
-0.0020157218677923083,0.00193050189409405
-0.04279558081179857,-0.05714285746216774
-0.038234186358749866,-0.04356060549616814
-0.027799892239272594,-0.03660886362195015
0.025243837386369705,0.010101010091602802
-0.029444999992847443,-0.050495050847530365
-0.09339547250419855,-0.1080000028014183
-0.09250764455646276,-0.1080000028014183
-0.08442252594977617,-0.09280500560998917
0.005474484525620937,-0.013452914543449879
0.02335546398535371,0.006726457271724939
0.04581830929964781,0.03448275849223137
0.046155817806720734,0.022727273404598236
0.016696687787771225,0.0
0.022709235548973083,0.0
-0.0017442293465137482,-0.011111111380159855
-0.03278427105396986,-0.022271715104579926
-0.04469527304172516,-0.02666666731238365
-0.01667945133522153,0.001123595517128706
-0.011505583650432527,0.0011389522114768624
0.00198404211550951,0.007990867830812931
-0.018934154883027077,-0.012345679104328156
-0.008680371567606926,-0.012514220550656319
0.03228324558585882,0.016987541690468788
0.09984173811972141,0.08977272361516953
0.11816232185810804,0.10599078238010406
0.05056591331958771,0.04565701633691788
-0.07169940695166588,-0.05526590347290039
-0.08792992029339075,-0.07500000298023224
-0.034607959911227226,-0.04153354465961456
0.04224448138847947,0.03752759471535683
0.12714615743607283,0.13063062727451324
0.16322196647524834,0.18000000715255737
0.12765276804566383,0.1595744639635086
0.034007083624601364,0.0657370537519455
0.056724172085523605,0.07721280306577682
0.07018734735902399,0.06972476840019226
0.024916147347539663,0.028037382289767265
-0.018302852287888527,-0.029720280319452286
-0.05084086861461401,-0.04974270984530449
-0.01962992548942566,-0.016363635659217834
-0.08023616671562195,-0.09009008854627609
-0.0369450100697577,-0.04332130029797554
-0.024315038230270147,-0.020332716405391693
-0.006635410711169243,0.003960396163165569
-0.06426602322608232,-0.06981132179498672
-0.07590076979249716,-0.09056603908538818
-0.034574209712445736,-0.049309663474559784
1.6065314412117004e-05,-0.016227180138230324
0.03434235788881779,0.016597511246800423
0.05127370357513428,0.033195022493600845
-0.022054394707083702,-0.030927835032343864
-0.02808217005804181,-0.030612245202064514
-0.04455103678628802,-0.04216867312788963
0.018094782019034028,0.01702127605676651
0.01852105837315321,0.010526316240429878
0.03449954453390092,0.03563941270112991
0.018353080842643976,0.025104602798819542
0.02613931056112051,0.03541666641831398
-0.007220596075057983,0.010121457278728485
0.009322824887931347,0.02448979578912258
-0.007677497225813568,0.0010060361819341779
-0.0005318764597177505,0.018036073073744774
0.0266982598695904,0.02589641511440277
0.043263409519568086,0.04522613063454628
0.009599365293979645,0.009842519648373127
0.00804978422820568,0.009708737954497337
0.014581749215722084,0.009615384973585606
0.02433950826525688,0.017543859779834747
0.03526200260967016,0.02500000037252903
-0.0150609677657485,-0.01904761977493763
-0.01920005213469267,-0.024904213845729828
-0.09236798761412501,-0.09943714737892151
-0.07193239172920585,-0.06990291178226471
-0.058568684151396155,-0.05500982329249382
-0.012254359317012131,-0.0010416667209938169
-0.025052153738215566,-0.022964509204030037
-0.03649336751550436,-0.031185030937194824
-0.06731433887034655,-0.05526590347290039
-0.03379131108522415,-0.029914529994130135
-0.03951391763985157,-0.04721030220389366
-0.04738935548812151,-0.05629139021039009
-0.0535510266199708,-0.06387665122747421
-0.0384738277643919,-0.04279279336333275
0.01940802112221718,0.012865496799349785
0.06741958670318127,0.06352940946817398
0.07005653344094753,0.06352940946817398
-0.008300412446260452,-0.016166280955076218
-0.06210232060402632,-0.07079645991325378
-0.0862944908440113,-0.09292035549879074
-0.03865662054158747,-0.039906103163957596
-0.01506794523447752,-0.011904762126505375
-0.00428472924977541,0.004878048785030842
0.0003902600146830082,0.004889975767582655
-0.012412175186909735,-0.013253011740744114
0.01623666798695922,0.021844660863280296
0.03302768711000681,0.029197080060839653
0.043404881842434406,0.03418803587555885
0.019013389945030212,0.00712589081376791
0.01571446657180786,0.013002363964915276
0.05309572000987828,0.05667060241103172
0.04143212549388409,0.0554245300590992
0.06568390689790249,0.0735122486948967
-0.00788595387712121,-0.005586592014878988
-0.02952872822061181,-0.031284917145967484
-0.07981041679158807,-0.07500000298023224
0.016243116930127144,0.020224718376994133
0.09810917894355953,0.09919261932373047
0.12462938693352044,0.12808459997177124
0.08361032838001847,0.08259911835193634
0.018162868625950068,0.017838405445218086
-0.0036426386795938015,0.0
-0.028950214851647615,-0.033570703119039536
0.03923837561160326,0.0268041230738163
0.07188377995043993,0.06875000149011612
0.11850491305813193,0.11578947305679321
0.020097277127206326,0.0301204826682806
0.01123820524662733,0.017543859779834747
-0.02621185313910246,-0.022641509771347046
-0.011618161108344793,-0.011695906519889832
-0.04280757298693061,-0.04406130313873291
-0.0003031997475773096,-0.0038610037881881
0.02316636824980378,0.01577909290790558
0.020851418375968933,0.012024047784507275
-0.03395084058865905,-0.03488372266292572
-0.015166062861680984,-0.019417475908994675
0.013797869440168142,0.0019801980815827847
0.019131301902234554,0.00401606410741806
0.013406045269221067,0.0019801980815827847
-0.008548488141968846,-0.005928853526711464
0.014933127909898758,0.02199999988079071
-0.01676210854202509,-0.012845849618315697
-0.03815419785678387,-0.03976143151521683
-0.07752361614257097,-0.08317025750875473
-0.02495860354974866,-0.029029028490185738
0.007025145692750812,0.006211180239915848
0.036406660452485085,0.0405549630522728
0.020828773907851428,0.020618556067347527
0.013771626399829984,0.011316872201859951
0.016521708108484745,0.01230769231915474
-0.006321880035102367,-0.005050505045801401
0.02941916708368808,0.02746693789958954
0.04701400990597904,0.04964539036154747
0.04963114205747843,0.055837564170360565
0.05932396580465138,0.05544554442167282
0.0561027517542243,0.050193049013614655
0.05175570584833622,0.04615384712815285
0.018215454649180174,0.013133208267390728
-0.013054054696112871,-0.014705882407724857
-0.0010231024352833629,0.0018382353009656072
0.015069084009155631,0.018518518656492233
0.021219843067228794,0.026119403541088104
0.01867222774308175,0.01834862306714058
0.003194757387973368,-0.001818181830458343
-0.02359880320727825,-0.027272727340459824
-0.04822886479087174,-0.045045044273138046
-0.03131857328116894,-0.027322404086589813
-0.0052540001925081015,0.003738317871466279
0.033231429755687714,0.03773584961891174
0.03332383977249265,0.03558052331209183
0.027786795049905777,0.03165735676884651
-0.0008553620427846909,0.00909090880304575
-0.004829687532037497,0.0018083183094859123
0.021045756759122014,0.023465704172849655
0.025437887059524655,0.027027027681469917
0.011382327415049076,0.019855596125125885
-0.02135300263762474,-0.012345679104328156
-0.039644626434892416,-0.035087719559669495
-0.01812953455373645,-0.024778760969638824
-0.024378832429647446,-0.02500000037252903
0.005653501488268375,0.01272727269679308
0.005551532842218876,0.016333937644958496
0.008880912326276302,0.016483517363667488
-0.000813082791864872,0.0035906643606722355
-0.01647287979722023,-0.010714286006987095
-0.009504389483481646,-0.009009009227156639
-0.011847777292132378,-0.01610017940402031
0.014197307638823986,0.009025271050632
0.0277920241933316,0.027272727340459824
0.025256041437387466,0.019999999552965164
-0.021419955883175135,-0.025044722482562065
-0.043313362170010805,-0.044247787445783615
-0.041322334203869104,-0.04099821671843529
-0.004603631794452667,-0.011009174399077892
0.02991080190986395,0.020370369777083397
0.04998154519125819,0.046468403190374374
0.0430914550088346,0.04638218879699707
0.07071959448512644,0.07078039646148682
0.04865143809001893,0.047957371920347214
0.039203937631100416,0.03723404183983803
-0.02360815741121769,-0.022033898159861565
0.001320760464295745,0.0
0.015436760615557432,0.010256410576403141
0.032298821955919266,0.024263432249426842
0.001758524333126843,0.0
0.00027961423620581627,-0.001692047342658043
-0.0006181900389492512,-0.003384094685316086
0.00831467064563185,-0.0016949152341112494
0.004234836087562144,-0.0016949152341112494
0.0062659308314323425,0.0
0.02520538354292512,0.0203735139220953
0.07670762622728944,0.06960950791835785
0.0727688604965806,0.06791171431541443
0.040393765550106764,0.04492512345314026
-0.046038356609642506,-0.03809523954987526
-0.048203540965914726,-0.036565978080034256
-0.03704011719673872,-0.030254777520895004
0.006369029171764851,0.009900989942252636
0.004101477563381195,0.018151815980672836
0.02664212230592966,0.03284072130918503
-0.018992230528965592,-0.003267973894253373
-0.09154493641108274,-0.07941652834415436
-0.11476598726585507,-0.10969793051481247
-0.09508161246776581,-0.0901639312505722
-0.04876927938312292,-0.0404929593205452
-0.012485075742006302,-0.010714286006987095
-0.03187355864793062,-0.02522522583603859
0.0006032469682395458,0.0036697247996926308
-0.009215653408318758,-0.014440433122217655
0.019323005340993404,0.009242144413292408
0.01480503473430872,0.0
0.022809429094195366,0.012820512987673283
0.027528823353350163,0.02380952425301075
0.007650700805243105,0.007312614470720291
-0.02846334222704172,-0.023508137091994286
-0.07190538849681616,-0.06082289665937424
-0.038509102538228035,-0.029038112610578537
-0.04695265181362629,-0.035185184329748154
-0.07694408018141985,-0.06666667014360428
-0.060654192231595516,-0.05607476457953453
-0.06569470837712288,-0.0604606531560421
0.012983045540750027,0.0071428571827709675
0.013225533068180084,0.003960396163165569
0.03508444596081972,0.02553626149892807
-0.020940166898071766,-0.027355622500181198
-0.06849655648693442,-0.07297830283641815
-0.09742669854313135,-0.10358566045761108
-0.05112370755523443,-0.06041666492819786
-0.03819728922098875,-0.05319149047136307
0.025804034434258938,0.011111111380159855
0.014449580106884241,0.014412417076528072
-0.022301667369902134,-0.010112359188497066
-0.0191550818271935,-0.019780220463871956
-0.027379111852496862,-0.026229508221149445
0.040184968151152134,0.045402951538562775
0.04201873857527971,0.053811658173799515
0.05085267499089241,0.07744107395410538
0.00948060117661953,0.02931596152484417
-0.005905129015445709,0.011702127754688263
-0.04125754162669182,-0.02291666716337204
-0.03945163497701287,-0.03902953490614891
-0.06229163846001029,-0.06414300948381424
-0.0776403461350128,-0.07675906270742416
-0.06286559905856848,-0.06695938855409622
0.00884530134499073,0.0
0.03594233561307192,0.027713626623153687
0.05589806055650115,0.04941176623106003
0.003448238130658865,0.008988764137029648
-0.0718592656776309,-0.06067415699362755
-0.12238713819533587,-0.12107623368501663
-0.12542322580702603,-0.1269487738609314
-0.06551624555140734,-0.06698564440011978
-0.01609780080616474,-0.01913265325129032
0.0189523387234658,0.01913265325129032
0.03175687277689576,0.03846153989434242
0.059753323905169964,0.06631989777088165
-0.009781287866644561,0.001251564477570355
0.005500230006873608,0.012345679104328156
0.05044741090387106,0.046341463923454285
0.051396626979112625,0.057500001043081284
0.015097487717866898,0.008536585606634617
-0.05223235208541155,-0.04428904503583908
-0.027005213778465986,-0.02009456232190132
-0.005332599452231079,-0.004836759530007839
-0.04998527676798403,-0.05000000074505806
-0.06439554691314697,-0.060313630849123
-0.051614185562357306,-0.04981774091720581
-0.0017763013020157814,0.00128369708545506
0.009001880185678601,0.00128369708545506
-0.005564140621572733,0.0
0.014834573958069086,0.020512821152806282
0.03989074844866991,0.044871795922517776
0.053281682543456554,0.05370844155550003
0.03689748467877507,0.03768844157457352
0.0018406359013170004,0.003680981695652008
-0.00122752133756876,0.0024271844886243343
-0.01319414284080267,-0.019370460882782936
-0.004974875599145889,-0.01100244466215372
-0.03449110593646765,-0.03874092176556587
-0.018222214886918664,-0.020987654104828835
0.02241652552038431,0.013597032986581326
0.042445394210517406,0.03400503844022751
0.03596246615052223,0.027742749080061913
-0.0017802100628614426,-0.006097560748457909
-0.029750339221209288,-0.028014617040753365
-0.02280210657045245,-0.020858895033597946
-0.029871820006519556,-0.030674846842885017
0.0001628926256671548,0.0012531328247860074
0.005587321240454912,0.007518797181546688
0.017687936080619693,0.020253164693713188
0.032450811471790075,0.03128911182284355
0.047587667126208544,0.042288556694984436
0.04552853014320135,0.03970223292708397
0.06809783447533846,0.060679610818624496
0.03511274233460426,0.03102625347673893
0.03110532322898507,0.026252983137965202
-0.0020340299233794212,-0.006864988710731268
0.011279139667749405,0.005787036847323179
