Date,code,high,low,open,close,adjust,volume_match,value_match
2021-01-04,BCM,40970,38120,38370,40030,40030,211900,8482357000
2021-01-05,BCM,40120,39290,40030,39750,39750,106000,4213500000
2021-01-06,BCM,41990,40030,40030,41520,41520,277300,11513496000
2021-01-07,BCM,41420,40770,40970,40970,40970,86300,3535711000
2021-01-08,BCM,43800,39560,40970,43800,43800,276300,12101940000
2021-01-11,BCM,46830,46830,46830,46830,46830,92300,4322409000
2021-01-12,BCM,50080,47020,50080,48500,48500,380100,18434850000
2021-01-13,BCM,49910,45620,48500,47580,47580,301800,14359644000
2021-01-14,BCM,48500,46830,47480,48410,48410,98400,4763544000
2021-01-15,BCM,48600,46460,48500,48130,48130,150700,7253191000
2021-01-18,BCM,51020,48410,48410,49910,49910,129500,6463345000
2021-01-19,BCM,51670,46410,51670,48320,48320,169100,8170912000
2021-01-20,BCM,48220,44960,46410,48220,48220,129000,6220380000
2021-01-21,BCM,49350,46540,48410,49350,49350,121100,5976285000
2021-01-22,BCM,52780,47580,47580,52780,52780,383000,20214740000
2021-01-25,BCM,56420,53990,55760,53990,53990,388000,20948120000
2021-01-26,BCM,55020,51210,53990,53910,53910,185500,10000305000
2021-01-27,BCM,55950,52130,53910,53990,53990,205000,11067950000
2021-01-28,BCM,55760,50270,50270,50270,50270,446900,22465663000
2021-01-29,BCM,53070,46830,46830,52130,52130,91300,4759469000
2021-02-01,BCM,51670,48870,48870,50270,50270,357200,17956444000
2021-02-02,BCM,51210,48410,48410,51210,51210,97100,4972491000
2021-02-03,BCM,53070,49350,51210,52610,52610,138800,7302268000
2021-02-04,BCM,52130,49820,49820,52130,52130,22300,1162499000
2021-02-05,BCM,54930,50270,52130,54640,54640,178800,9769632000
2021-02-08,BCM,54640,50830,54640,52040,52040,84500,4397380000
2021-02-09,BCM,53070,49990,52040,53070,53070,36400,1931748000
2021-02-17,BCM,54470,52130,53070,54470,54470,55800,3039426000
2021-02-18,BCM,55760,53520,54930,55680,55680,117000,6514560000
2021-02-19,BCM,56800,54930,55860,56510,56510,91900,5193269000
2021-02-22,BCM,57070,56320,56800,56800,56800,95100,5401680000
2021-02-23,BCM,56800,54930,56700,56800,56800,49300,2800240000
2021-02-24,BCM,56800,54470,56800,54930,54930,37600,2065368000
2021-02-25,BCM,54930,53990,54470,54470,54470,57400,3126578000
2021-02-26,BCM,54370,52610,53070,53520,53520,39200,2097984000
2021-03-01,BCM,54470,53440,53520,53520,53520,59500,3184440000
2021-03-02,BCM,53910,53440,53520,53910,53910,30500,1644255000
2021-03-03,BCM,56800,53160,53350,56800,56800,113000,6418400000
2021-03-04,BCM,56800,54470,56800,54470,54470,26600,1448902000
2021-03-05,BCM,54470,53070,54180,54180,54180,15300,828954000
2021-03-08,BCM,56240,53070,56240,53990,53990,45100,2434949000
2021-03-09,BCM,54180,53820,53990,53910,53910,67400,3633534000
2021-03-10,BCM,54840,53070,53070,54840,54840,7600,416784000
2021-03-11,BCM,55210,53620,54840,54930,54930,45700,2510301000
2021-03-12,BCM,54930,53720,54930,53720,53720,17900,961588000
2021-03-15,BCM,54470,53720,54470,54270,54270,3100,168237000
2021-03-16,BCM,54270,53350,54270,53350,53350,24000,1280400000
2021-03-17,BCM,53990,53070,53070,53520,53520,16900,904488000
2021-03-18,BCM,53990,53070,53990,53910,53910,8100,436671000
2021-03-19,BCM,53910,52970,53910,53910,53910,17300,932643000
2021-03-22,BCM,53820,51670,53720,53820,53820,14400,775008000
2021-03-23,BCM,53820,52320,53820,53440,53440,25300,1352032000
2021-03-24,BCM,53440,51210,53440,51210,51210,9000,460890000
2021-03-25,BCM,52610,51210,51210,51960,51960,20100,1044396000
2021-03-26,BCM,53070,50830,50830,53070,53070,41300,2191791000
2021-03-29,BCM,53990,52130,53990,53520,53520,9000,481680000
2021-03-30,BCM,53820,52130,52130,53820,53820,19300,1038726000
2021-03-31,BCM,53820,52320,53820,53520,53520,2600,139152000
2021-04-01,BCM,53990,53440,53990,53440,53440,75800,4050752000
2021-04-02,BCM,53990,53070,53990,53440,53440,10500,561120000
2021-04-05,BCM,53440,52130,53440,53440,53440,11800,630592000
2021-04-06,BCM,53520,52130,52130,53520,53520,28400,1519968000
2021-04-07,BCM,53520,52130,53520,53070,53070,22200,1178154000
2021-04-08,BCM,53520,52130,53070,53440,53440,2700,144288000
2021-04-09,BCM,53440,52320,53440,53160,53160,2400,127584000
2021-04-12,BCM,53070,52130,52230,52410,52410,33500,1755735000
2021-04-13,BCM,52410,51860,52320,52410,52410,36400,1907724000
2021-04-14,BCM,52410,52040,52130,52410,52410,36600,1918206000
2021-04-15,BCM,52970,48870,52970,48870,48870,61000,2981070000
2021-04-16,BCM,52230,51670,52230,52230,52230,36800,1922064000
2021-04-19,BCM,52970,52230,52230,52970,52970,6900,365493000
2021-04-20,BCM,52970,52130,52970,52970,52970,32600,1726822000
2021-04-22,BCM,52870,52130,52870,52130,52130,20100,1047813000
2021-04-23,BCM,52130,48780,48780,52130,52130,13400,698542000
2021-04-26,BCM,52130,51670,52130,52130,52130,12000,625560000
2021-04-27,BCM,52130,51210,52130,52130,52130,17000,886210000
2021-04-28,BCM,52130,51210,52130,52130,52130,10500,547365000
2021-04-29,BCM,52130,50370,52130,52130,52130,54700,2851511000
2021-05-04,BCM,52130,49350,51210,52130,52130,71800,3742934000
2021-05-05,BCM,52610,51670,52130,52320,52320,43000,2249760000
2021-05-06,BCM,52320,50180,51670,52320,52320,117800,6163296000
2021-05-07,BCM,52130,50370,52130,51960,51960,60100,3122796000
2021-05-10,BCM,51210,48320,49820,51210,51210,162000,8296020000
2021-05-11,BCM,50930,49430,50730,50930,50930,105800,5388394000
2021-05-12,BCM,50930,49520,50270,50930,50930,77600,3952168000
2021-05-13,BCM,50730,49990,50370,50730,50730,114400,5803512000
2021-05-14,BCM,50730,49990,50730,50640,50640,21800,1103952000
2021-05-17,BCM,50270,49430,49820,50270,50270,44600,2242042000
2021-05-18,BCM,50270,49430,49620,50270,50270,23600,1186372000
2021-05-19,BCM,50270,49350,50180,50180,50180,19800,993564000
2021-05-20,BCM,50180,48700,50180,49820,49820,65400,3258228000
2021-05-21,BCM,49350,48130,49350,49070,49070,34600,1697822000
2021-05-24,BCM,51580,49350,49350,51580,51580,41600,2145728000
2021-05-25,BCM,52040,50730,51210,51580,51580,21000,1083180000
2021-05-26,BCM,51580,49430,49430,51580,51580,13900,716962000
2021-05-27,BCM,51480,49520,49820,49820,49820,3200,159424000
2021-05-28,BCM,50270,49350,49350,50270,50270,3900,196053000
2021-05-31,BCM,49350,48870,48970,49350,49350,8700,429345000
2021-06-01,BCM,48970,45890,48780,48970,48970,17300,847181000
2021-06-02,BCM,50080,46540,48220,48410,48410,52700,2551207000
2021-06-03,BCM,48410,47290,47290,48410,48410,14200,687422000
2021-06-04,BCM,48410,47480,48410,48410,48410,10800,522828000
2021-06-07,BCM,48410,47480,48410,47660,47660,13100,624346000
2021-06-08,BCM,48410,47480,48410,47580,47580,22800,1084824000
2021-06-09,BCM,47580,46460,47580,46740,46740,22000,1028280000
2021-06-10,BCM,47480,46740,46740,46740,46740,8700,406638000
2021-06-11,BCM,48410,46540,46740,48410,48410,34600,1674986000
2021-06-14,BCM,49350,48320,48410,49350,49350,11600,572460000
2021-06-15,BCM,51210,49350,49350,51210,51210,66600,3410586000
2021-06-16,BCM,51210,50270,51210,51110,51110,16500,843315000
2021-06-17,BCM,51210,49990,50270,51210,51210,19600,1003716000
2021-06-18,BCM,51480,50560,51480,51210,51210,24600,1259766000
2021-06-21,BCM,51110,49250,49250,50730,50730,37500,1902375000
2021-06-22,BCM,51020,49350,50730,51020,51020,18200,928564000
2021-06-23,BCM,50830,50270,50270,50830,50830,8800,447304000
2021-06-24,BCM,50830,49350,50830,50830,50830,26300,1336829000
2021-06-25,BCM,50830,49430,50270,50830,50830,19800,1006434000
2021-06-28,BCM,50830,49430,49620,50640,50640,41400,2096496000
2021-06-29,BCM,50640,49720,50640,50640,50640,17700,896328000
2021-06-30,BCM,50640,49620,49820,50640,50640,30400,1539456000
2021-07-01,BCM,50470,49720,49820,50470,50470,15900,802473000
2021-07-02,BCM,50370,49520,49720,50270,50270,18800,945076000
2021-07-05,BCM,50270,49430,49520,50270,50270,10200,512754000
2021-07-06,BCM,50180,49350,49620,50180,50180,9200,461656000
2021-07-07,BCM,49990,47480,47760,49990,49990,12100,604879000
2021-07-08,BCM,49990,49350,49350,49990,49990,11700,584883000
2021-07-09,BCM,49910,49820,49820,49820,49820,1500,74730000
2021-07-12,BCM,47480,47020,47100,47020,47020,12300,578346000
2021-07-13,BCM,48700,44690,47020,48700,48700,47300,2303510000
2021-07-14,BCM,45620,45290,45290,45290,45290,83700,3790773000
2021-07-15,BCM,42130,42130,42130,42130,42130,27400,1154362000
2021-07-16,BCM,41890,39190,39190,40120,40120,315600,12661872000
2021-07-19,BCM,39940,37880,39100,37880,37880,50200,1901576000
2021-07-20,BCM,37370,36310,37320,37320,37320,88300,3295356000
2021-07-21,BCM,37620,35840,35840,36490,36490,87100,3178279000
2021-07-22,BCM,39040,36310,37480,39040,39040,77300,3017792000
2021-07-23,BCM,40440,39040,39880,39170,39170,93600,3666312000
2021-07-26,BCM,38750,37630,37900,38560,38560,48200,1858592000
2021-07-27,BCM,39410,38560,39410,38750,38750,52900,2049875000
2021-07-28,BCM,38510,37810,38510,38140,38140,30000,1144200000
2021-07-29,BCM,39040,38090,38090,39040,39040,229600,8963584000
2021-07-30,BCM,39410,38650,39130,39310,39310,65200,2563012000
2021-08-02,BCM,39510,39310,39510,39310,39310,44500,1749295000
2021-08-03,BCM,39600,39130,39360,39310,39310,141600,5566296000
2021-08-04,BCM,39410,39040,39410,39220,39220,32900,1290338000
2021-08-05,BCM,39410,38290,39130,39310,39310,170600,6706286000
2021-08-06,BCM,42050,38560,39410,42050,42050,205800,8653890000
2021-08-09,BCM,44210,42320,42320,44020,44020,176300,7760726000
2021-08-10,BCM,43930,42510,43930,43120,43120,65000,2802800000
2021-08-11,BCM,43070,41850,42560,41850,41850,127900,5352615000
2021-08-12,BCM,43170,40440,41390,42320,42320,68300,2890456000
2021-08-13,BCM,42800,41290,42320,41480,41480,88200,3658536000
2021-08-16,BCM,42710,41480,42230,41850,41850,109200,4570020000
2021-08-17,BCM,42000,41570,41950,41850,41850,95400,3992490000
2021-08-18,BCM,42320,41010,41010,42320,42320,116100,4913352000
2021-08-19,BCM,42890,41710,42320,42800,42800,67700,2897560000
2021-08-20,BCM,43120,41390,42800,42800,42800,145600,6231680000
2021-08-23,BCM,42280,41100,41100,42280,42280,71700,3031476000
2021-08-24,BCM,41850,41010,41390,41850,41850,49800,2084130000
2021-08-25,BCM,41850,41100,41390,41850,41850,41400,1732590000
2021-08-26,BCM,41850,41100,41100,41760,41760,41500,1733040000
2021-08-27,BCM,41660,40920,41660,41200,41200,20700,852840000
2021-08-30,BCM,42280,41430,42280,41850,41850,78700,3293595000
2021-08-31,BCM,44690,41390,41850,44120,44120,328400,14489008000
2021-09-01,BCM,45330,44020,44210,45150,45150,299200,13508880000
2021-09-06,BCM,46090,44590,45150,45620,45620,187300,8544626000
2021-09-07,BCM,45570,44210,45570,45150,45150,248900,11237835000
2021-09-08,BCM,46090,44290,44290,45810,45810,217300,9954513000
2021-09-09,BCM,45810,44210,45810,45710,45710,377300,17246383000
2021-09-10,BCM,45710,44590,45620,45480,45480,381900,17368812000
2021-09-13,BCM,45620,44740,45480,45620,45620,177200,8083864000
2021-09-14,BCM,45620,44740,45620,45620,45620,378800,17280856000
2021-09-15,BCM,45530,44770,45530,45150,45150,126700,5720505000
2021-09-16,BCM,45150,44640,45150,45150,45150,109700,4952955000
2021-09-17,BCM,44910,43550,44690,44910,44910,249500,11205045000
2021-09-20,BCM,44690,43730,44210,43930,43930,96400,4234852000
2021-09-21,BCM,43930,41430,43930,42510,42510,127400,5415774000
2021-09-22,BCM,43270,42320,43120,42710,42710,47500,2028725000
2021-09-23,BCM,44210,42800,42800,42800,42800,108900,4660920000
2021-09-24,BCM,42840,42320,42840,42800,42800,37700,1613560000
2021-09-27,BCM,43270,42050,42800,42320,42320,37600,1591232000
2021-09-28,BCM,42320,41390,42320,41570,41570,99500,4136215000
2021-09-29,BCM,43020,41570,43020,41760,41760,19700,822672000
2021-09-30,BCM,42320,41570,41570,41950,41950,36900,1547955000
2021-10-01,BCM,42560,41290,42510,41390,41390,45500,1883245000
2021-10-04,BCM,42320,41480,42320,41850,41850,42000,1757700000
2021-10-05,BCM,42140,41710,41850,41760,41760,28400,1185984000
2021-10-06,BCM,41950,41620,41850,41760,41760,84800,3541248000
2021-10-07,BCM,42980,41660,41950,42320,42320,142900,6047528000
2021-10-08,BCM,42420,41850,42320,42280,42280,52200,2207016000
2021-10-11,BCM,42280,41900,42280,41900,41900,57100,2392490000
2021-10-12,BCM,42320,41660,41900,42050,42050,101100,4251255000
2021-10-13,BCM,43930,42050,42050,43730,43730,329500,14409035000
2021-10-14,BCM,43550,43070,43550,43170,43170,138500,5979045000
2021-10-15,BCM,43170,42320,43170,42560,42560,83000,3532480000
2021-10-18,BCM,42560,41950,42510,41950,41950,189800,7962110000
2021-10-19,BCM,42230,41390,41950,41900,41900,85800,3595020000
2021-10-20,BCM,43270,41620,41900,42140,42140,291200,12271168000
2021-10-21,BCM,42760,42140,42230,42320,42320,116800,4942976000
2021-10-22,BCM,43470,42510,42510,43420,43420,616200,26755404000
2021-10-25,BCM,45620,44210,44390,44870,44870,1082400,48567288000
2021-10-26,BCM,45330,44590,45150,44690,44690,315700,14108633000
2021-10-27,BCM,47780,44210,45100,47040,47040,1049000,49344960000
2021-10-28,BCM,50220,47220,47500,50120,50120,834300,41815116000
2021-10-29,BCM,50320,48800,50320,49860,49860,504600,25159356000
2021-11-01,BCM,49940,48450,49940,49000,49000,685400,33584600000
2021-11-02,BCM,51730,48730,48730,50510,50510,1102700,55697377000
2021-11-03,BCM,51730,48730,50690,49860,49860,837700,41767722000
2021-11-04,BCM,49860,48250,49380,49770,49770,350500,17444385000
2021-11-05,BCM,50990,49380,49380,50790,50790,589700,29950863000
2021-11-08,BCM,53610,51080,51260,52670,52670,714300,37622181000
2021-11-09,BCM,53610,52210,52670,52670,52670,373900,19693313000
2021-11-10,BCM,52950,50990,52950,50990,50990,602600,30726574000
2021-11-11,BCM,52670,50690,51260,50890,50890,1151700,58610013000
2021-11-12,BCM,52670,50990,51340,51440,51440,836600,43034704000
2021-11-15,BCM,52300,51260,52300,51930,51930,635000,32975550000
2021-11-16,BCM,55020,49940,50790,53050,53050,1137500,60344375000
2021-11-17,BCM,55500,52580,53050,55500,55500,844600,46875300000
2021-11-18,BCM,57370,55690,55870,55690,55690,755700,42084933000
2021-11-19,BCM,55970,53150,55500,53610,53610,644400,34546284000
2021-11-22,BCM,53800,50030,53700,50690,50690,641600,32522704000
2021-11-23,BCM,51730,49290,50220,51730,51730,275800,14267134000
2021-11-24,BCM,51830,50320,51730,50890,50890,280900,14295001000
2021-11-25,BCM,52210,50610,50890,51440,51440,454000,23353760000
2021-11-26,BCM,52390,50790,52390,50790,50790,568600,28879194000
2021-11-29,BCM,50790,49770,49860,49940,49940,278900,13928266000
2021-11-30,BCM,51640,49940,50320,50510,50510,401800,20294918000
2021-12-01,BCM,52020,49290,49940,51340,51340,454900,23354566000
2021-12-02,BCM,51260,49380,50790,49860,49860,263000,13113180000
2021-12-03,BCM,50420,46380,49770,46380,46380,599800,27818724000
2021-12-06,BCM,47500,44210,47220,46090,46090,515300,23750177000
2021-12-07,BCM,47870,45710,46140,46940,46940,250400,11753776000
2021-12-08,BCM,48730,46940,47040,47120,47120,342700,16148024000
2021-12-09,BCM,50420,47780,47870,50420,50420,528200,26631844000
2021-12-10,BCM,52690,50610,52690,50990,50990,661700,33740083000
2021-12-13,BCM,52690,51180,51180,52600,52600,515000,27089000000
2021-12-14,BCM,55910,54110,54500,55820,55820,1434300,80062626000
2021-12-15,BCM,59710,56100,56100,59710,59710,1560800,93195368000
2021-12-16,BCM,63870,60750,60750,63780,63780,1352600,86268828000
2021-12-17,BCM,66230,61600,63780,64349,64349,1361400,87604728600
2021-12-20,BCM,65400,60650,63490,64440,64440,814300,52473492000
2021-12-21,BCM,66060,62060,62160,64349,64349,696100,44793338900
2021-12-22,BCM,65400,62260,62640,64730,64730,740200,47913146000
2021-12-23,BCM,66330,61600,64819,63870,63870,1343700,85822119000
2021-12-24,BCM,63490,60280,63490,62060,62060,763200,47364192000
2021-12-27,BCM,63020,60280,62060,61600,61600,549200,33830720000
2021-12-28,BCM,63020,60930,61600,62450,62450,637800,39830610000
2021-12-29,BCM,63020,60650,62260,60650,60650,290700,17630955000
2021-12-30,BCM,61600,59980,60650,60650,60650,295800,17940270000
2021-12-31,BCM,60850,58750,60460,60650,60650,264400,16035860000
2022-01-04,BCM,62550,59790,60930,62350,62350,639300,39860355000
2022-01-05,BCM,65200,62260,63020,62550,62550,1128300,70575165000
2022-01-06,BCM,66900,61600,62450,66900,66900,1644200,109996980000
2022-01-07,BCM,71550,67850,67850,71550,71550,1093200,78218460000
2022-01-10,BCM,76490,70220,72010,72780,72780,1021500,74344770000
2022-01-11,BCM,71270,68990,69180,71270,71270,1176500,83849155000
2022-01-12,BCM,75820,67280,71270,75720,75720,1566000,118577520000
2022-01-13,BCM,76560,70500,76560,73830,73830,942300,69570009000
2022-01-14,BCM,73830,69280,69280,72010,72010,283800,20436438000
2022-01-17,BCM,73440,66990,72010,66990,66990,798400,53484816000
2022-01-18,BCM,67280,62550,66530,64440,64440,426900,27509436000
2022-01-19,BCM,68900,63970,63970,68900,68900,567300,39086970000
2022-01-20,BCM,71840,67280,68710,71840,71840,528300,37953072000
2022-01-21,BCM,72590,68710,72010,71360,71360,601600,42930176000
2022-01-24,BCM,72110,67280,70040,68230,68230,582100,39716683000
2022-01-25,BCM,72970,64440,68230,72970,72970,1108600,80894542000
2022-01-26,BCM,75820,71080,73160,73160,73160,720200,52689832000
2022-01-27,BCM,75720,72010,72970,73340,73340,816800,59904112000
2022-01-28,BCM,75250,71550,72500,75060,75060,569700,42761682000
2022-02-07,BCM,75820,73440,75620,75520,75520,436000,32926720000
2022-02-08,BCM,77710,74010,74390,76760,76760,595100,45679876000
2022-02-09,BCM,78190,74860,75820,76560,76560,701200,53683872000
2022-02-10,BCM,77530,75720,77530,76560,76560,389300,29804808000
2022-02-11,BCM,76560,74860,76390,74960,74960,392600,29429296000
2022-02-14,BCM,75620,71920,71920,74760,74760,506100,37836036000
2022-02-15,BCM,78190,74010,74860,77710,77710,616200,47884902000
2022-02-16,BCM,78370,77140,77330,77530,77530,145500,11280615000
2022-02-17,BCM,80540,76000,77430,80080,80080,462400,37028992000
2022-02-18,BCM,81400,78090,79220,79320,79320,418700,33211284000
2022-02-21,BCM,79320,77890,79320,78090,78090,170000,13275300000
2022-02-22,BCM,77710,75330,76660,77430,77430,260600,20178258000
2022-02-23,BCM,79790,77330,77530,78850,78850,265900,20966215000
2022-02-24,BCM,78850,75820,78850,78560,78560,319700,25115632000
2022-02-25,BCM,80540,77530,78270,77800,77800,643700,50079860000
2022-02-28,BCM,78660,74390,77050,74860,74860,480800,35992688000
2022-03-01,BCM,75720,72880,74860,72880,72880,641300,46737944000
2022-03-02,BCM,74860,70980,72500,74390,74390,590800,43949612000
2022-03-03,BCM,76290,73160,73930,75820,75820,295700,22419974000
2022-03-04,BCM,76190,73830,74390,74760,74760,232200,17359272000
2022-03-07,BCM,74680,72590,72970,72590,72590,304500,22103655000
2022-03-08,BCM,72500,69940,72110,70880,70880,650900,46135792000
2022-03-09,BCM,70780,67760,70220,67760,67760,581700,39415992000
2022-03-10,BCM,70600,68230,68410,69560,69560,244100,16979596000
2022-03-11,BCM,69940,68610,69740,68610,68610,136300,9351543000
2022-03-14,BCM,68410,64530,67850,66990,66990,411900,27593181000
2022-03-15,BCM,68710,65400,67850,68710,68710,210400,14456584000
2022-03-16,BCM,70500,68710,68800,70130,70130,207200,14530936000
2022-03-17,BCM,71360,70040,71080,70130,70130,153800,10785994000
2022-03-18,BCM,72680,70130,70980,72010,72010,307500,22143075000
2022-03-21,BCM,73540,72410,72970,72880,72880,249300,18168984000
2022-03-22,BCM,72780,71450,72780,71840,71840,158800,11408192000
2022-03-23,BCM,72880,71170,72680,71740,71740,145300,10423822000
2022-03-24,BCM,71740,70320,71740,70700,70700,149800,10590860000
2022-03-25,BCM,71270,69940,70700,70040,70040,168800,11822752000
2022-03-28,BCM,69460,68610,68710,68710,68710,136100,9351431000
2022-03-29,BCM,70980,68230,70980,68230,68230,263900,18005897000
2022-03-30,BCM,69650,67760,68230,68230,68230,154500,10541535000
2022-03-31,BCM,70980,68230,68230,69560,69560,187900,13070324000
2022-04-01,BCM,70130,68510,69650,68710,68710,195600,13439676000
2022-04-04,BCM,71080,68800,68800,69940,69940,212600,14869244000
2022-04-05,BCM,72010,70420,70980,70420,70420,361900,25484998000
2022-04-06,BCM,70880,69080,69940,70600,70600,188000,13272800000
2022-04-07,BCM,70980,68800,70980,68800,68800,195100,13422880000
2022-04-08,BCM,71450,68710,68710,70130,70130,322100,22588873000
2022-04-12,BCM,71080,68710,70130,70130,70130,264000,18514320000
2022-04-13,BCM,71840,69280,69280,71840,71840,257800,18520352000
2022-04-14,BCM,72780,71450,72310,72780,72780,380100,27663678000
2022-04-15,BCM,76760,72780,72780,74860,74860,789800,59124428000
2022-04-18,BCM,77050,74010,74960,75620,75620,558400,42226208000
2022-04-19,BCM,76950,73160,75330,75720,75720,533700,40411764000
2022-04-20,BCM,74010,72110,72590,72500,72500,424900,30805250000
2022-04-21,BCM,71270,68900,71080,69180,69180,315400,21819372000
2022-04-22,BCM,73830,64440,69180,71550,71550,717800,51358590000
2022-04-25,BCM,75620,67850,71550,72500,72500,648900,47045250000
2022-04-26,BCM,74860,70320,72410,74190,74190,489200,36293748000
2022-04-27,BCM,74390,72500,72780,74100,74100,652900,48379890000
2022-04-28,BCM,79220,74590,74860,78660,78660,1353600,106474176000
2022-04-29,BCM,83400,78660,78850,81400,81400,392300,31933220000
2022-05-04,BCM,82920,79510,82920,79610,79610,391600,31175276000
2022-05-05,BCM,83200,74100,79610,81500,81500,993700,80986550000
2022-05-06,BCM,79610,76100,78760,76290,76290,493100,37618599000
2022-05-09,BCM,75820,70980,74190,70980,70980,532500,37796850000
2022-05-10,BCM,75910,66060,66060,75910,75910,418500,31768335000
2022-05-11,BCM,80270,72010,76190,80270,80270,511600,41066132000
2022-05-12,BCM,80080,74680,80080,74680,74680,426300,31836084000
2022-05-13,BCM,73930,69460,73930,69460,69460,318800,22143848000
2022-05-16,BCM,72210,64629,69740,64629,64629,310100,20041452900
2022-05-17,BCM,67280,61600,61600,66330,66330,390300,25888599000
2022-05-18,BCM,70980,65400,67280,70980,70980,274400,19476912000
2022-05-19,BCM,74010,66430,66430,71840,71840,363000,26077920000
2022-05-20,BCM,73930,69560,71650,72010,72010,453800,32678138000
2022-05-23,BCM,71920,67280,71920,67380,67380,226800,15281784000
2022-05-24,BCM,70130,66330,67480,70130,70130,208500,14622105000
2022-05-25,BCM,71080,68510,70980,70700,70700,288900,20425230000
2022-05-26,BCM,70500,67660,70500,70500,70500,359400,25337700000
2022-05-27,BCM,70130,68230,69650,69650,69650,327100,22782515000
2022-05-30,BCM,69840,68230,69840,69180,69180,122400,8467632000
2022-05-31,BCM,71740,68230,68900,69280,69280,462000,32007360000
2022-06-01,BCM,71170,66330,69280,69460,69460,463200,32173872000
2022-06-02,BCM,71080,68330,71080,68330,68330,234200,16002886000
2022-06-03,BCM,69560,67190,68330,67760,67760,311000,21073360000
2022-06-06,BCM,68050,65400,67760,65660,65660,438700,28805042000
2022-06-07,BCM,67760,63120,65400,67660,67660,372600,25210116000
2022-06-08,BCM,68610,67090,68130,68230,68230,239200,16320616000
2022-06-09,BCM,68410,66900,68330,68230,68230,92000,6277160000
2022-06-10,BCM,70040,66900,66900,67280,67280,308600,20762608000
2022-06-13,BCM,67280,64069,65860,64440,64440,283400,18262296000
2022-06-14,BCM,66430,62730,63970,64440,64440,225900,14556996000
2022-06-15,BCM,65400,61980,64440,63590,63590,218800,13913492000
2022-06-16,BCM,65400,63970,65099,65400,65400,138900,9084060000
2022-06-17,BCM,65760,63490,63780,64160,64160,116900,7500304000
2022-06-20,BCM,64819,61690,64349,61690,61690,123600,7624884000
2022-06-21,BCM,63020,59710,63020,60280,60280,146500,8831020000
2022-06-22,BCM,61600,58560,61600,58750,58750,142600,8377750000
2022-06-23,BCM,61120,57150,58650,59980,59980,114100,6843718000
2022-06-24,BCM,61120,58950,61120,59050,59050,36900,2178945000
2022-06-27,BCM,60650,57330,59050,58850,58850,161400,9498390000
2022-06-28,BCM,60460,58290,58850,59710,59710,101400,6054594000
2022-06-29,BCM,62160,59520,59710,61120,61120,112500,6876000000
2022-06-30,BCM,63490,59220,61120,63490,63490,238400,15136016000
2022-07-01,BCM,63120,59710,62350,59880,59880,94100,5634708000
2022-07-04,BCM,61120,59710,60180,59710,59710,26100,1558431000
2022-07-05,BCM,60650,57800,59710,58750,58750,100200,5886750000
2022-07-06,BCM,59320,56200,57330,56200,56200,134500,7558900000
2022-07-07,BCM,57230,55910,56280,56480,56480,63800,3603424000
2022-07-08,BCM,58000,55440,56860,55820,55820,126600,7066812000
2022-07-11,BCM,56770,55150,55150,56010,56010,65800,3685458000
2022-07-12,BCM,58460,56100,56480,58190,58190,125100,7279569000
2022-07-13,BCM,58390,57710,58390,57800,57800,48100,2780180000
2022-07-14,BCM,60460,57620,57800,60280,60280,131900,7950932000
2022-07-15,BCM,61120,58750,60850,59520,59520,116800,6951936000
2022-07-18,BCM,60460,58750,60460,59620,59620,63500,3785870000
2022-07-19,BCM,60080,57800,59620,58290,58290,107600,6272004000
2022-07-20,BCM,60280,58090,58750,59710,59710,114700,6848737000
2022-07-21,BCM,60650,58950,59710,58950,58950,89100,5252445000
2022-07-22,BCM,63020,58950,58950,63020,63020,468700,29537474000
2022-07-25,BCM,65300,63490,64069,64260,64260,180700,11611782000
2022-07-26,BCM,64910,63490,63490,64910,64910,116000,7529560000
2022-07-27,BCM,64910,63120,63680,64910,64910,184000,11943440000
2022-07-28,BCM,68130,64530,65400,68130,68130,434600,29609298000
2022-07-29,BCM,70980,68410,69080,69650,69650,414800,28890820000
2022-08-01,BCM,72010,69560,70040,71450,71450,222600,15904770000
2022-08-02,BCM,72010,69740,71450,71550,71550,254000,18173700000
2022-08-03,BCM,72970,70220,70220,70880,70880,274900,19484912000
2022-08-04,BCM,72970,70220,71170,72680,72680,262500,19078500000
2022-08-05,BCM,74390,72680,74390,73930,73930,214000,15821020000
2022-08-08,BCM,74290,72500,73930,74190,74190,176600,13101954000
2022-08-09,BCM,74680,73160,73830,74190,74190,130000,9644700000
2022-08-10,BCM,76390,73930,74100,75820,75820,262700,19917914000
2022-08-11,BCM,76490,73930,75820,75330,75330,202500,15254325000
2022-08-12,BCM,77710,74390,75330,76760,76760,232200,17823672000
2022-08-15,BCM,76950,74490,76950,76190,76190,183000,13942770000
2022-08-16,BCM,76190,74860,76190,75820,75820,60400,4579528000
2022-08-17,BCM,77230,74760,75720,77230,77230,412900,31888267000
2022-08-18,BCM,77140,74860,76850,76000,76000,149500,11362000000
2022-08-19,BCM,77230,75330,75820,75820,75820,145200,11009064000
2022-08-22,BCM,81110,74860,74860,81110,81110,700100,56785111000
2022-08-23,BCM,85190,81690,82260,84340,84340,210900,17787306000
2022-08-24,BCM,85190,82450,84340,84340,84340,224500,18934330000
2022-08-25,BCM,88320,84340,84340,85860,85860,124200,10663812000
2022-08-26,BCM,86230,82070,86150,85760,85760,199100,17074816000
2022-08-29,BCM,84820,80840,83200,84340,84340,234900,19811466000
2022-08-30,BCM,86720,84340,84340,86150,86150,150100,12931115000
2022-08-31,BCM,87190,84920,86150,87190,87190,207100,18057049000
2022-09-05,BCM,88140,85570,85570,85760,85760,150700,12924032000
2022-09-06,BCM,86050,84250,86050,84250,84250,175500,14785875000
2022-09-07,BCM,83870,79610,83590,83300,83300,500400,41683320000
2022-09-08,BCM,84050,81970,83400,83400,83400,114200,9524280000
2022-09-09,BCM,87190,83400,83400,85100,85100,203400,17309340000
2022-09-12,BCM,86230,84340,85570,85380,85380,141500,12081270000
2022-09-13,BCM,86230,82920,85290,86230,86230,233700,20151951000
2022-09-14,BCM,86720,84150,84150,86720,86720,169200,14673024000
2022-09-15,BCM,92770,85960,86620,92770,92770,421000,39056170000
2022-09-16,BCM,94660,92400,92400,92870,92870,246200,22864594000
2022-09-19,BCM,96480,88140,92870,92200,92200,283000,26092600000
2022-09-20,BCM,93810,86720,93810,91450,91450,304000,27800800000
2022-09-21,BCM,93630,90030,91450,91260,91260,120500,10996830000
2022-09-22,BCM,92400,89270,89270,91060,91060,82600,7521556000
2022-09-23,BCM,91830,88140,91830,89750,89750,151500,13597125000
2022-09-26,BCM,89560,83490,89560,88880,88880,709400,63051472000
2022-09-27,BCM,88610,85760,88610,88140,88140,153200,13503048000
2022-09-28,BCM,87750,84250,84250,86230,86230,165800,14296934000
2022-09-29,BCM,87950,80270,86150,80270,80270,160200,12859254000
2022-09-30,BCM,85860,75820,78660,85860,85860,464400,39873384000
2022-10-03,BCM,86050,79890,85960,85290,85290,139100,11863839000
2022-10-04,BCM,85290,81500,85290,83680,83680,54900,4594032000
2022-10-05,BCM,86720,82350,83770,85480,85480,144300,12334764000
2022-10-06,BCM,85290,81400,82530,84340,84340,117900,9943686000
2022-10-07,BCM,84250,78510,80910,80710,80710,401400,32396994000
2022-10-10,BCM,83580,75650,76030,83580,83580,99200,8291136000
2022-10-11,BCM,83580,78610,83580,78610,78610,84000,6603240000
2022-10-12,BCM,81180,78610,78610,81180,81180,136500,11081070000
2022-10-13,BCM,81180,79280,81180,81180,81180,49700,4034646000
2022-10-14,BCM,81580,79380,81180,81180,81180,107700,8743086000
2022-10-17,BCM,80240,79180,80240,80240,80240,59200,4750208000
2022-10-18,BCM,83100,80240,80240,82150,82150,67300,5528695000
2022-10-19,BCM,82150,81010,82150,81180,81180,55400,4497372000
2022-10-20,BCM,81180,79280,80240,81180,81180,44700,3628746000
2022-10-21,BCM,80340,77370,80340,79760,79760,101300,8079688000
2022-10-24,BCM,79850,76890,79850,78320,78320,76700,6007144000
2022-10-25,BCM,78320,75080,78320,78320,78320,87400,6845168000
2022-10-26,BCM,78230,75850,77370,78230,78230,49800,3895854000
2022-10-27,BCM,78140,76420,78140,78040,78040,131800,10285672000
2022-10-28,BCM,78320,76890,78040,78140,78140,73500,5743290000
2022-10-31,BCM,78140,74880,74880,78140,78140,127200,9939408000
2022-11-01,BCM,77840,76420,76510,77470,77470,80000,6197600000
2022-11-02,BCM,77470,76030,77470,76890,76890,82400,6335736000
2022-11-03,BCM,76700,74510,76700,75450,75450,102400,7726080000
2022-11-04,BCM,74510,70690,74510,70690,70690,123200,8709008000
2022-11-07,BCM,71640,65810,69730,71640,71640,233800,16749432000
2022-11-08,BCM,71350,66770,66860,71350,71350,82600,5893510000
2022-11-09,BCM,71920,68970,71350,71160,71160,98200,6987912000
2022-11-10,BCM,71350,67820,68300,70020,70020,86700,6070734000
2022-11-11,BCM,70300,68780,70020,70300,70300,50600,3557180000
2022-11-14,BCM,69250,66950,66950,69250,69250,63000,4362750000
2022-11-15,BCM,69150,65810,67820,69150,69150,126000,8712900000
2022-11-16,BCM,71640,66100,66770,71440,71440,103000,7358320000
2022-11-17,BCM,75450,70590,71440,75360,75360,94200,7098912000
2022-11-18,BCM,76120,71740,76120,73550,73550,229500,16879725000
2022-11-21,BCM,73740,72210,73740,73070,73070,24100,1760987000
2022-11-22,BCM,74210,68010,74210,71640,71640,111800,8009352000
2022-11-23,BCM,71640,70020,71540,71640,71640,50100,3589164000
2022-11-24,BCM,71640,68870,71540,71640,71640,125800,9012312000
2022-11-25,BCM,71640,69920,71640,71540,71540,62200,4449788000
2022-11-28,BCM,73550,70400,71540,73550,73550,300800,22123840000
2022-11-29,BCM,75450,72880,73840,75450,75450,85200,6428340000
2022-11-30,BCM,78320,75450,75850,77170,77170,79500,6135015000
2022-12-01,BCM,77750,76510,76800,77170,77170,97300,7508641000
2022-12-02,BCM,77170,76120,77170,77170,77170,105800,8164586000
2022-12-05,BCM,78510,76890,78510,78320,78320,119000,9320080000
2022-12-06,BCM,77470,76420,76420,76420,76420,117900,9009918000
2022-12-07,BCM,76420,74510,74600,75650,75650,121100,9161215000
2022-12-08,BCM,76800,73550,73550,76800,76800,97700,7503360000
2022-12-09,BCM,76420,75450,76420,75930,75930,148200,11252826000
2022-12-12,BCM,77940,74510,75930,74510,74510,32300,2406673000
2022-12-13,BCM,76420,74210,74700,76420,76420,27800,2124476000
2022-12-14,BCM,76510,75360,76420,76420,76420,69300,5295906000
2022-12-15,BCM,76420,74980,74980,76320,76320,101700,7761744000
2022-12-16,BCM,77560,75080,75080,76420,76420,67500,5158350000
2022-12-19,BCM,75930,74700,75750,75750,75750,144500,10945875000
2022-12-20,BCM,76220,73640,75750,75930,75930,87400,6636282000
2022-12-21,BCM,75930,74210,75450,75930,75930,150100,11397093000
2022-12-22,BCM,76420,74310,75930,76420,76420,103000,7871260000
2022-12-23,BCM,76220,74700,76220,76220,76220,139500,10632690000
2022-12-26,BCM,80140,74510,76120,74510,74510,130700,9738457000
2022-12-27,BCM,76320,74510,74700,76320,76320,85400,6517728000
2022-12-28,BCM,76420,74980,76420,76320,76320,102400,7815168000
2022-12-29,BCM,76030,74980,76030,75650,75650,88000,6657200000
2022-12-30,BCM,76990,74600,75450,76990,76990,385800,29702742000
2023-01-03,BCM,80240,75930,76420,80240,80240,110300,8850472000
2023-01-04,BCM,80240,78710,80240,80240,80240,137700,11049048000
2023-01-05,BCM,80140,78990,80140,80040,80040,76800,6147072000
2023-01-06,BCM,79760,78320,78900,79180,79180,186500,14767070000
2023-01-09,BCM,78800,77750,78800,78610,78610,114900,9032289000
2023-01-10,BCM,78320,77370,78320,78320,78320,135200,10588864000
2023-01-11,BCM,78320,77170,78320,78320,78320,77400,6061968000
2023-01-12,BCM,78140,76890,77560,78140,78140,154300,12057002000
2023-01-13,BCM,78230,77080,78230,78230,78230,97900,7658717000
2023-01-16,BCM,78230,77170,77840,78230,78230,65300,5108419000
2023-01-17,BCM,81180,77840,78230,79760,79760,121600,9698816000
2023-01-18,BCM,81180,79850,80040,80710,80710,91400,7376894000
2023-01-19,BCM,81090,79850,81090,80520,80520,91200,7343424000
2023-01-27,BCM,81380,79280,81380,81380,81380,79400,6461572000
2023-01-30,BCM,81010,80140,80240,81010,81010,69200,5605892000
2023-01-31,BCM,81010,79950,80810,81010,81010,72600,5881326000
2023-02-01,BCM,81480,80040,81010,80240,80240,95400,7654896000
2023-02-02,BCM,80240,79280,80240,80240,80240,88300,7085192000
2023-02-03,BCM,81010,80240,81010,80240,80240,80400,6451296000
2023-02-06,BCM,80710,80140,80710,80240,80240,69400,5568656000
2023-02-07,BCM,80910,80240,80240,80240,80240,128300,10294792000
2023-02-08,BCM,81950,79660,79760,80710,80710,80500,6497155000
2023-02-09,BCM,80910,79570,80910,80910,80910,57000,4611870000
2023-02-10,BCM,80910,79760,80910,80710,80710,86100,6949131000
2023-02-13,BCM,81090,77080,81090,80040,80040,76500,6123060000
2023-02-14,BCM,80810,78900,78900,80710,80710,80100,6464871000
2023-02-15,BCM,81090,79570,79570,81090,81090,50300,4078827000
2023-02-16,BCM,81180,79950,81180,81180,81180,81600,6624288000
2023-02-17,BCM,81280,80240,81180,81090,81090,75900,6154731000
2023-02-20,BCM,82150,80710,81180,82150,82150,82300,6760945000
2023-02-21,BCM,82150,81010,82150,81680,81680,91900,7506392000
2023-02-22,BCM,81180,79470,80710,80710,80710,92300,7449533000
2023-02-23,BCM,81090,78990,81090,80810,80810,123900,10012359000
2023-02-24,BCM,80710,78900,79570,80340,80340,97700,7849218000
2023-02-27,BCM,79760,77370,77370,79660,79660,90500,7209230000
2023-02-28,BCM,80240,78900,80240,79950,79950,39800,3182010000
2023-03-01,BCM,80520,78230,78230,80520,80520,44600,3591192000
2023-03-02,BCM,80420,79660,80240,80240,80240,32800,2631872000
2023-03-03,BCM,80710,77840,80240,79760,79760,94200,7513392000
2023-03-06,BCM,80240,79180,80140,79950,79950,60600,4844970000
2023-03-07,BCM,80710,79470,80710,80240,80240,46000,3691040000
2023-03-08,BCM,80710,78900,79280,80710,80710,120100,9693271000
2023-03-09,BCM,80710,79380,80710,80240,80240,120800,9692992000
2023-03-10,BCM,80240,78610,79280,80040,80040,148000,11845920000
2023-03-13,BCM,80040,78710,79760,79950,79950,115800,9258210000
2023-03-14,BCM,79570,78510,78900,79380,79380,131900,10470222000
2023-03-15,BCM,79570,79280,79380,79470,79470,84300,6699321000
2023-03-16,BCM,79760,77940,79380,78510,78510,105000,8243550000
2023-03-17,BCM,78800,77560,78800,78710,78710,46900,3691499000
2023-03-20,BCM,79090,76890,79090,77940,77940,93900,7318566000
2023-03-21,BCM,78320,76890,77940,78320,78320,93000,7283760000
2023-03-22,BCM,78320,76890,78320,77270,77270,69500,5370265000
2023-03-23,BCM,77840,76890,77840,76990,76990,7100,546629000
2023-03-24,BCM,78800,77840,78800,77840,77840,11600,902944000
2023-03-27,BCM,78320,77370,78320,77650,77650,26400,2049960000
2023-03-28,BCM,78800,77650,78800,77650,77650,40300,3129295000
2023-03-29,BCM,78610,76890,78610,76990,76990,51000,3926490000
2023-03-30,BCM,78420,77650,78420,77840,77840,4400,342496000
2023-03-31,BCM,78510,77940,77940,78230,78230,15100,1181273000
2023-04-03,BCM,79280,78140,79280,78320,78320,33100,2592392000
2023-04-04,BCM,79760,78040,79760,78140,78140,116100,9072054000
2023-04-05,BCM,79470,77940,79470,78040,78040,25900,2021236000
2023-04-06,BCM,77840,77370,77560,77370,77370,43100,3334647000
2023-04-07,BCM,77270,76510,77270,76700,76700,19800,1518660000
2023-04-10,BCM,76510,75550,76120,75650,75650,59600,4508740000
2023-04-11,BCM,76420,75750,76420,75850,75850,20900,1585265000
2023-04-12,BCM,76800,75650,76600,75650,75650,56500,4274225000
2023-04-13,BCM,76510,75850,76510,75850,75850,8100,614385000
2023-04-14,BCM,76600,75750,76320,76510,76510,10300,788053000
2023-04-17,BCM,76320,75080,76320,75650,75650,37200,2814180000
2023-04-18,BCM,75850,75080,75850,75180,75180,25200,1894536000
2023-04-19,BCM,75930,75080,75930,75270,75270,25100,1889277000
2023-04-20,BCM,75930,75270,75930,75850,75850,12500,948125000
2023-04-21,BCM,75850,75180,75850,75180,75180,14500,1090110000
2023-04-24,BCM,75550,74880,75550,75080,75080,13700,1028596000
2023-04-25,BCM,75080,74020,75080,74310,74310,41200,3061572000
2023-04-26,BCM,75180,74310,75180,74600,74600,10700,798220000
2023-04-27,BCM,74510,74210,74510,74510,74510,7200,536472000
2023-04-28,BCM,74980,74410,74880,74510,74510,7900,588629000
2023-05-04,BCM,74510,74020,74510,74410,74410,32400,2410884000
2023-05-05,BCM,74410,73350,73940,74410,74410,75500,5617955000
2023-05-08,BCM,74410,73450,74410,73740,73740,35600,2625144000
2023-05-09,BCM,74600,73450,74600,73740,73740,57400,4232676000
2023-05-10,BCM,74210,73550,74210,73640,73640,33700,2481668000
2023-05-11,BCM,74120,73550,74120,73640,73640,14600,1075144000
2023-05-12,BCM,74020,73450,74020,73740,73740,39300,2897982000
2023-05-15,BCM,74020,73640,73640,73740,73740,16700,1231458000
2023-05-16,BCM,74020,73640,74020,73840,73840,9000,664560000
2023-05-17,BCM,74120,73550,73940,74120,74120,36200,2683144000
2023-05-18,BCM,74980,73740,74210,74120,74120,30200,2238424000
2023-05-19,BCM,74980,73640,74980,73740,73740,27100,1998354000
2023-05-22,BCM,74020,73350,73840,73740,73740,28800,2123712000
2023-05-23,BCM,73940,73350,73550,73940,73940,32800,2425232000
2023-05-24,BCM,73550,72780,73270,73550,73550,23800,1750490000
2023-05-25,BCM,74020,72880,73640,73940,73940,29800,2203412000
2023-05-26,BCM,73940,73350,73940,73940,73940,18600,1375284000
2023-05-29,BCM,74310,73450,74020,74310,74310,57600,4280256000
2023-05-30,BCM,74700,74120,74310,74510,74510,35500,2645105000
2023-05-31,BCM,74510,73740,74310,74510,74510,36700,2734517000
2023-06-01,BCM,74510,73840,74510,74210,74210,32300,2396983000
2023-06-02,BCM,74510,73840,74210,74510,74510,67100,4999621000
2023-06-05,BCM,74510,73840,74510,74310,74310,50700,3767517000
2023-06-06,BCM,74780,74020,74780,74410,74410,48700,3623767000
2023-06-07,BCM,76220,73840,74410,76030,76030,318200,24192746000
2023-06-08,BCM,76030,75650,76030,75750,75750,312000,23634000000
2023-06-09,BCM,76600,75080,75080,76420,76420,468500,35802770000
2023-06-12,BCM,78320,76420,77370,78320,78320,375200,29385664000
2023-06-13,BCM,79280,76510,79280,77750,77750,363500,28262125000
2023-06-14,BCM,78320,76800,76990,77170,77170,345400,26654518000
2023-06-15,BCM,77170,76420,77170,76420,76420,434100,33173922000
2023-06-16,BCM,77650,76420,76420,77560,77560,342000,26525520000
2023-06-19,BCM,77560,76420,76420,77370,77370,305800,23659746000
2023-06-20,BCM,79090,76990,77840,78320,78320,398100,31179192000
2023-06-21,BCM,79280,78320,79280,78420,78420,265100,20789142000
2023-06-22,BCM,79280,77170,79280,77650,77650,452800,35159920000
2023-06-23,BCM,78230,76800,78230,76990,76990,342800,26392172000
2023-06-26,BCM,77650,76510,76990,77650,77650,368500,28614025000
2023-06-27,BCM,78140,76890,77560,77370,77370,271300,20990481000
2023-06-28,BCM,77840,76120,77840,76420,76420,349800,26731716000
2023-06-29,BCM,76700,75650,76320,75650,75650,326000,24661900000
2023-06-30,BCM,76890,75650,75650,75650,75650,480500,36349825000
2023-07-03,BCM,77650,75450,76700,77270,77270,321000,24803670000
2023-07-04,BCM,77270,75930,77270,77170,77170,258800,19971596000
2023-07-05,BCM,77170,76120,77170,76510,76510,281800,21560518000
2023-07-06,BCM,76510,75450,76220,76220,76220,303100,23102282000
2023-07-07,BCM,76510,75650,75930,76510,76510,301200,23044812000
2023-07-10,BCM,76890,76220,76890,76890,76890,278000,21375420000
2023-07-11,BCM,77840,76510,76700,77370,77370,408400,31597908000
2023-07-12,BCM,77840,76420,77840,77080,77080,343400,26469272000
2023-07-13,BCM,77560,76800,77470,77370,77370,414400,32062128000
2023-07-14,BCM,77940,76600,77840,77270,77270,349600,27013592000
2023-07-17,BCM,77370,76320,77370,76420,76420,330800,25279736000
2023-07-18,BCM,76700,75930,76420,76220,76220,352700,26882794000
2023-07-19,BCM,77080,76220,76320,76510,76510,321300,24582663000
2023-07-20,BCM,76890,75930,76890,76700,76700,268200,20570940000
2023-07-21,BCM,76510,75550,75930,76030,76030,541700,41185451000
2023-07-24,BCM,76220,75360,76220,75650,75650,171300,12958845000
2023-07-25,BCM,75450,74510,75450,74510,74510,144100,10736891000
2023-07-26,BCM,74980,74600,74700,74880,74880,58100,4350528000
2023-07-27,BCM,75360,74410,75360,74980,74980,70300,5271094000
2023-07-28,BCM,74780,74310,74780,74510,74510,114000,8494140000
2023-07-31,BCM,77370,74020,74020,77370,77370,159800,12363726000
2023-08-01,BCM,76420,75080,76320,75450,75450,216500,16334925000
2023-08-02,BCM,75360,74210,75180,74410,74410,139600,10387636000
2023-08-03,BCM,74880,73740,74410,73940,73940,143300,10595602000
2023-08-04,BCM,74780,73640,74780,73740,73740,177200,13066728000
2023-08-07,BCM,74020,73070,73740,73270,73270,255200,18698504000
2023-08-08,BCM,73940,73170,73270,73270,73270,155700,11408139000
2023-08-09,BCM,73550,72590,73270,72680,72680,154400,11221792000
2023-08-10,BCM,72680,70690,72680,70690,70690,343900,24310291000
2023-08-11,BCM,71160,68680,70770,70770,70770,284500,20134065000
2023-08-14,BCM,71070,69730,71070,70200,70200,182800,12832560000
2023-08-15,BCM,70590,68870,70200,69920,69920,252500,17654800000
2023-08-16,BCM,69920,68580,69920,69630,69630,316800,22058784000
2023-08-17,BCM,69540,68110,69250,68780,68780,233000,16025740000
2023-08-18,BCM,68200,64940,68200,64940,64940,387000,25131780000
2023-08-21,BCM,66680,64470,66680,66280,66280,161200,10684336000
2023-08-22,BCM,66280,62850,66280,65440,65440,238100,15581264000
2023-08-23,BCM,65440,63330,65040,64670,64670,201100,13005137000
2023-08-24,BCM,64670,63040,64000,64000,64000,265300,16979200000
2023-08-25,BCM,64000,63140,64000,63520,63520,238200,15130464000
2023-08-28,BCM,66480,63610,63610,66280,66280,380600,25226168000
2023-08-29,BCM,68480,66580,68480,68110,68110,425600,28987616000
2023-08-30,BCM,68580,65910,68110,68580,68580,436800,29955744000
2023-08-31,BCM,69540,67530,69540,68970,68970,338200,23325654000
2023-09-05,BCM,68970,67820,68970,68110,68110,256600,17477026000
2023-09-06,BCM,68110,66860,68110,68010,68010,320800,21817608000
2023-09-07,BCM,68110,67050,68110,67820,67820,284100,19267662000
2023-09-08,BCM,69630,66950,67720,69350,69350,419400,29085390000
2023-09-11,BCM,70200,67820,69730,67820,67820,383100,25981842000
2023-09-12,BCM,68580,67050,67530,68580,68580,274300,18811494000
2023-09-13,BCM,68110,66950,67910,67820,67820,515500,34961210000
2023-09-14,BCM,67720,66010,66860,67150,67150,311900,20944085000
2023-09-15,BCM,66860,65440,66860,65910,65910,320600,21130746000
2023-09-18,BCM,66190,63900,65040,64940,64940,294800,19144312000
2023-09-19,BCM,64940,63040,64860,64940,64940,296000,19222240000
2023-09-20,BCM,66860,63710,64000,66860,66860,261000,17450460000
2023-09-21,BCM,67820,65910,67820,67440,67440,366800,24736992000
2023-09-22,BCM,66380,64370,66010,66380,66380,333000,22104540000
2023-09-25,BCM,66010,64190,65910,64940,64940,249700,16215518000
2023-09-26,BCM,64860,62950,64470,62950,62950,237800,14969510000
2023-09-27,BCM,63230,61130,62180,63230,63230,234000,14795820000
2023-09-28,BCM,64940,62180,64940,64190,64190,133900,8595041000
2023-09-29,BCM,66380,64000,64860,66380,66380,186500,12379870000
2023-10-02,BCM,66580,65040,66580,66280,66280,101300,6714164000
2023-10-03,BCM,65440,64090,65040,65440,65440,138200,9043808000
2023-10-04,BCM,65910,63520,63520,65910,65910,126600,8344206000
2023-10-05,BCM,65910,64370,65040,65810,65810,86600,5699146000
2023-10-06,BCM,66380,64569,65440,66380,66380,161400,10713732000
2023-10-09,BCM,66280,65340,66280,65810,65810,96400,6344084000
2023-10-10,BCM,65810,65239,65810,65810,65810,141100,9285791000
2023-10-11,BCM,65710,64569,65710,65239,65239,169000,11025391000
2023-10-12,BCM,65140,64090,65140,64569,64569,296700,19157622300
2023-10-13,BCM,64090,63230,64000,63710,63710,249700,15908387000
2023-10-16,BCM,64769,62750,63610,62750,62750,295200,18523800000
2023-10-17,BCM,63140,61320,63040,61320,61320,316400,19401648000
2023-10-18,BCM,61610,58940,61030,59980,59980,299800,17982004000
2023-10-19,BCM,60850,59210,60850,60180,60180,154300,9285774000
2023-10-20,BCM,61700,59210,60180,61700,61700,171400,10575380000
2023-10-23,BCM,60750,59210,60460,60750,60750,152100,9240075000
2023-10-24,BCM,60550,59210,60180,60550,60550,200500,12140275000
2023-10-25,BCM,60460,59510,59610,59790,59790,155500,9297345000
2023-10-26,BCM,59210,56270,59210,56930,56930,216500,12325345000
2023-10-27,BCM,56640,53970,56640,56350,56350,213200,12013820000
2023-10-30,BCM,56840,54550,54550,56840,56840,76500,4348260000
2023-10-31,BCM,56350,54060,56350,55970,55970,206000,11529820000
2023-11-01,BCM,55400,53970,54450,55400,55400,166400,9218560000
2023-11-02,BCM,56170,54160,55120,56170,56170,265200,14896284000
2023-11-03,BCM,56640,54830,56640,55870,55870,216200,12079094000
2023-11-06,BCM,56740,55120,55400,56740,56740,263600,14956664000
2023-11-07,BCM,56740,55400,56740,55590,55590,240600,13374954000
2023-11-08,BCM,56930,54630,55120,56930,56930,284900,16219357000
2023-11-09,BCM,58450,56350,56840,58270,58270,355500,20714985000
2023-11-10,BCM,57790,56840,57310,57700,57700,335700,19369890000
2023-11-13,BCM,57500,56540,57500,57120,57120,294300,16810416000
2023-11-14,BCM,57500,56640,57120,57310,57310,263500,15101185000
2023-11-15,BCM,60080,57600,57600,59210,59210,526200,31156302000
2023-11-16,BCM,59710,58550,59710,59610,59610,298800,17811468000
2023-11-17,BCM,60080,57880,60080,58640,58640,429400,25180016000
2023-11-20,BCM,58640,57500,57880,58640,58640,383600,22494304000
2023-11-21,BCM,59120,57500,59120,57500,57500,328900,18911750000
2023-11-22,BCM,57980,56840,57980,57210,57210,274200,15686982000
2023-11-23,BCM,57600,56270,57410,56270,56270,365300,20555431000
2023-11-24,BCM,56170,54450,55970,56170,56170,349500,19631415000
2023-11-27,BCM,56640,55020,55300,56640,56640,216300,12251232000
2023-11-28,BCM,56640,55280,56450,56640,56640,262600,14873664000
2023-11-29,BCM,56930,55680,56930,56350,56350,229500,12932325000
2023-11-30,BCM,56350,55580,55860,56350,56350,330100,18601135000
2023-12-01,BCM,56350,55380,55580,56350,56350,252900,14250915000
2023-12-04,BCM,57900,55770,56160,57320,57320,667400,38255368000
2023-12-05,BCM,61290,58090,59070,61290,61290,1173900,71948331000
2023-12-06,BCM,65550,62550,65550,63900,63900,716200,45765180000
2023-12-07,BCM,65550,61290,65550,62740,62740,670900,42092266000
2023-12-08,BCM,64879,62350,62450,62940,62940,514300,32370042000
2023-12-11,BCM,63800,61870,63030,63030,63030,453600,28590408000
2023-12-12,BCM,63220,62060,62940,62350,62350,336500,20980775000
2023-12-13,BCM,62450,61480,62160,61870,61870,440200,27235174000
2023-12-14,BCM,61970,61000,61770,61670,61670,348300,21479661000
2023-12-15,BCM,61290,60030,61000,60030,60030,411900,24726357000
2023-12-18,BCM,59550,57800,59550,58770,58770,454400,26705088000
2023-12-19,BCM,59070,56840,58090,59070,59070,478000,28235460000
2023-12-20,BCM,59830,58390,59070,59350,59350,314100,18641835000
2023-12-21,BCM,59830,58390,58580,59830,59830,281800,16860094000
2023-12-22,BCM,59830,58870,59160,59830,59830,398000,23812340000
2023-12-25,BCM,60030,59070,59250,59930,59930,515700,30905901000
2023-12-26,BCM,61390,59450,59930,60330,60330,517700,31232841000
2023-12-27,BCM,61000,60030,60230,60610,60610,464200,28135162000
2023-12-28,BCM,60710,59830,60610,60710,60710,529400,32139874000
2023-12-29,BCM,60900,60130,60710,60900,60900,608700,37069830000
2024-01-02,BCM,61090,59930,60510,59930,59930,349200,20927556000
2024-01-03,BCM,59740,58670,59740,59550,59550,623300,37117515000
2024-01-04,BCM,59650,58870,59160,58870,58870,547100,32207777000
2024-01-05,BCM,59070,58090,58970,58580,58580,515600,30203848000
2024-01-08,BCM,58870,58090,58580,58390,58390,550200,32126178000
2024-01-09,BCM,58290,57510,58190,57710,57710,608600,35122306000
2024-01-10,BCM,57710,57030,57420,57320,57320,481600,27605312000
2024-01-11,BCM,59650,56930,56930,58480,58480,711300,41596824000
2024-01-12,BCM,58480,57220,58480,58000,58000,521400,30241200000
2024-01-15,BCM,58580,57320,57900,57610,57610,199700,11504717000
2024-01-16,BCM,57710,57030,57710,57510,57510,411300,23653863000
2024-01-17,BCM,58090,57320,57510,58000,58000,378500,21953000000
2024-01-18,BCM,58390,57510,57900,58390,58390,464100,27098799000
2024-01-19,BCM,59250,58390,58390,59250,59250,666500,39490125000
2024-01-22,BCM,59740,58580,59350,59250,59250,489100,28979175000
2024-01-23,BCM,60810,59350,59830,60030,60030,818700,49146561000
2024-01-24,BCM,61000,59550,61000,60030,60030,509600,30591288000
2024-01-25,BCM,59740,58870,59650,59650,59650,567400,33845410000
2024-01-26,BCM,60030,59250,59930,59830,59830,586200,35072346000
2024-01-29,BCM,60810,59740,60410,60130,60130,588400,35380492000
2024-01-30,BCM,63420,59740,60130,63220,63220,1708300,107998726000
2024-01-31,BCM,63420,61770,63420,63220,63220,980700,61999854000
2024-02-01,BCM,64379,62260,62350,63900,63900,738100,47164590000
2024-02-02,BCM,63900,62450,63030,62450,62450,680400,42490980000
2024-02-05,BCM,62740,61480,62550,61480,61480,633500,38947580000
2024-02-06,BCM,62940,61190,61480,61770,61770,469000,28970130000
2024-02-07,BCM,62640,61480,61770,61970,61970,276500,17134705000
2024-02-15,BCM,62450,61190,62450,61670,61670,369000,22756230000
2024-02-16,BCM,62640,61480,61670,61580,61580,593100,36523098000
2024-02-19,BCM,62940,61000,61670,62260,62260,999900,62253774000
2024-02-20,BCM,62740,61670,62350,61770,61770,519600,32095692000
2024-02-21,BCM,63900,61480,61770,63710,63710,1599400,101897774000
2024-02-22,BCM,65160,63030,63800,63030,63030,1318800,83123964000
2024-02-23,BCM,63520,61290,63130,61290,61290,1431800,87755022000
2024-02-26,BCM,61770,60710,61290,61290,61290,775900,47554911000
2024-02-27,BCM,61770,60900,61480,61290,61290,1032000,63251280000
2024-02-28,BCM,62260,60900,61970,61390,61390,787200,48326208000
2024-02-29,BCM,62550,61190,61480,61290,61290,871800,53432622000
2024-03-01,BCM,61970,61090,61390,61580,61580,851900,52460002000
2024-03-04,BCM,64290,61770,62350,63320,63320,1829500,115843940000
2024-03-05,BCM,64290,62550,63520,63420,63420,1338200,84868644000
2024-03-06,BCM,65550,62940,63710,64099,64099,1573500,100859776500
2024-03-07,BCM,66810,64099,64379,66810,66810,1915800,127994598000
2024-03-08,BCM,68750,67100,67780,67100,67100,2468700,165649770000
2024-03-11,BCM,67680,64580,67200,64959,64959,1555300,101030732700
2024-03-12,BCM,66710,64099,64680,65740,65740,1302100,85600054000
2024-03-13,BCM,67490,65840,65940,67000,67000,1393800,93384600000
2024-03-14,BCM,68450,65640,67200,65740,65740,1920800,126273392000
2024-03-15,BCM,66710,65160,65740,65360,65360,1295800,84693488000
2024-03-18,BCM,65940,61000,65459,62550,62550,2083300,130310415000
2024-03-19,BCM,63220,62260,62550,62350,62350,598600,37322710000
2024-03-20,BCM,63220,61770,62350,62940,62940,798600,50263884000
2024-03-21,BCM,64000,63130,63420,63610,63610,801600,50989776000
2024-03-22,BCM,64000,63030,63900,63610,63610,1195100,76020311000
2024-03-25,BCM,64099,62740,63520,63030,63030,727200,45835416000
2024-03-26,BCM,63320,62740,62940,63030,63030,650900,41026227000
2024-03-27,BCM,63610,62840,63610,63130,63130,456200,28799906000
2024-03-28,BCM,63900,63030,63610,63220,63220,580100,36673922000
2024-03-29,BCM,63420,62840,63320,62840,62840,610900,38388956000
2024-04-01,BCM,63320,62060,62940,62260,62260,719500,44796070000
2024-04-02,BCM,63320,61670,62350,63320,63320,624000,39511680000
2024-04-03,BCM,63220,62260,63220,62350,62350,482600,30090110000
2024-04-04,BCM,62350,61480,62350,61480,61480,635400,39064392000
2024-04-05,BCM,61290,60610,61000,60610,60610,703700,42651257000
2024-04-08,BCM,60710,60030,60610,60030,60030,407800,24480234000
2024-04-09,BCM,59930,59070,59930,59830,59830,475200,28431216000
2024-04-10,BCM,60330,59250,59830,59350,59350,580500,34452675000
2024-04-11,BCM,59070,58390,59070,58390,58390,684300,39956277000
2024-04-12,BCM,59070,57800,58770,59070,59070,950000,56116500000
2024-04-15,BCM,59250,55000,59250,55000,55000,1287700,70823500000
2024-04-16,BCM,55190,53060,55000,53840,53840,791000,42587440000
2024-04-17,BCM,54420,52580,54420,52580,52580,522600,27478308000
2024-04-19,BCM,51610,49090,50640,49960,49960,1151400,57523944000
2024-04-22,BCM,51220,50050,50150,51030,51030,307500,15691725000
2024-04-23,BCM,51320,48790,51030,48890,48890,625000,30556250000
2024-04-24,BCM,50930,49290,49380,50640,50640,771300,39058632000
2024-04-25,BCM,51610,50540,51120,50830,50830,328300,16687489000
2024-04-26,BCM,51120,50350,50350,50730,50730,349000,17704770000
2024-05-02,BCM,52280,50830,50830,52280,52280,489100,25570148000
2024-05-03,BCM,52770,51800,52280,52090,52090,429800,22388282000
2024-05-06,BCM,53440,52190,52280,53350,53350,508000,27101800000
2024-05-07,BCM,53840,52860,53540,53060,53060,420400,22306424000
2024-05-08,BCM,53060,51900,53060,52770,52770,510400,26933808000
2024-05-09,BCM,56160,52670,52670,56160,56160,1730800,97201728000
2024-05-10,BCM,56740,54700,56640,55190,55190,490100,27048619000
2024-05-13,BCM,56160,54020,55860,54420,54420,409100,22263222000
2024-05-14,BCM,56840,54520,55190,56540,56540,1237200,69951288000
2024-05-15,BCM,57130,56350,57130,56740,56740,409500,23235030000
2024-05-16,BCM,57030,56260,57030,56260,56260,448400,25226984000
2024-05-17,BCM,57610,56260,56260,56930,56930,460400,26210572000
2024-05-20,BCM,60900,58670,58770,60900,60900,2045300,124558770000
2024-05-21,BCM,63030,61090,61870,62260,62260,2202000,137096520000
2024-05-22,BCM,62840,60610,62840,61090,61090,1534700,93754823000
2024-05-23,BCM,62350,60510,61090,62160,62160,1422500,88422600000
2024-05-24,BCM,62350,58870,61970,59550,59550,1660200,98864910000
2024-05-27,BCM,61000,58580,59450,60130,60130,728700,43816731000
2024-05-28,BCM,60900,60030,60900,60710,60710,538900,32716619000
2024-05-29,BCM,60810,59550,60510,59930,59930,719600,43125628000
2024-05-30,BCM,60230,58190,59550,59070,59070,1124100,66400587000
2024-05-31,BCM,59830,58670,59070,58870,58870,296900,17478503000
2024-06-03,BCM,61480,59450,59650,61000,61000,1024900,62518900000
2024-06-04,BCM,61190,60230,61090,60330,60330,475600,28692948000
2024-06-05,BCM,63220,60230,61000,61580,61580,2520900,155237022000
2024-06-06,BCM,62940,61580,61580,62550,62550,1095800,68542290000
2024-06-07,BCM,62940,61390,62940,62550,62550,675000,42221250000
2024-06-10,BCM,62640,61290,62640,61290,61290,723800,44361702000
2024-06-11,BCM,61770,60510,61580,60900,60900,660700,40236630000
2024-06-12,BCM,62160,60330,60610,62160,62160,660400,41050464000
2024-06-13,BCM,62550,61580,62350,62350,62350,670000,41774500000
2024-06-14,BCM,62550,60810,62450,60810,60810,799500,48617595000
2024-06-17,BCM,61190,59740,61190,59930,59930,502300,30102839000
2024-06-18,BCM,60610,59830,59930,60610,60610,355700,21558977000
2024-06-19,BCM,60710,59830,60610,60710,60710,509900,30956029000
2024-06-20,BCM,63130,60610,60900,61970,61970,1459500,90445215000
2024-06-21,BCM,62740,61390,62550,61970,61970,689000,42697330000
2024-06-24,BCM,61970,59450,61970,59930,59930,943800,56561934000
2024-06-25,BCM,61000,59160,59930,61000,61000,409300,24967300000
2024-06-26,BCM,63900,59930,60900,63900,63900,2336700,149315130000
2024-06-27,BCM,65550,63130,63900,63130,63130,1488600,93975318000
2024-06-28,BCM,63710,60810,63710,61770,61770,1137000,70232490000
2024-07-01,BCM,62160,61090,61970,61090,61090,452100,27618789000
2024-07-02,BCM,61870,60900,61190,61770,61770,659100,40712607000
2024-07-03,BCM,62160,61190,62160,61870,61870,545500,33750085000
2024-07-04,BCM,61970,61190,61970,61770,61770,446500,27580305000
2024-07-05,BCM,61970,61190,61480,61970,61970,451100,27954667000
2024-07-08,BCM,63320,61970,61970,62550,62550,1253500,78406425000
2024-07-09,BCM,64959,62940,62940,64580,64580,1678400,108391072000
2024-07-10,BCM,64680,63220,64680,63220,63220,755900,47787998000
2024-07-11,BCM,64000,62640,63900,62640,62640,603700,37815768000
2024-07-12,BCM,63420,62550,62940,62940,62940,576000,36253440000
2024-07-15,BCM,65360,63130,63420,65060,65060,1532100,99678426000
2024-07-16,BCM,66710,64580,65550,66320,66320,1636300,108519416000
2024-07-17,BCM,66520,62060,66520,65260,65260,1646600,107457116000
2024-07-18,BCM,65840,63220,64879,65840,65840,1255300,82648952000
2024-07-19,BCM,65740,64680,65360,65640,65640,926200,60795768000
2024-07-22,BCM,65640,64000,65640,65550,65550,1161000,76103550000
2024-07-23,BCM,65740,64580,65160,64580,64580,1200100,77502458000
2024-07-24,BCM,64780,62740,63800,64780,64780,803600,52057208000
2024-07-25,BCM,67680,63610,64000,66900,66900,961800,64344420000
2024-07-26,BCM,70690,66900,66900,70190,70190,1909300,134013767000
2024-07-29,BCM,71270,69330,70390,70970,70970,796500,56527605000
2024-07-30,BCM,71070,69520,71070,70970,70970,829900,58898003000
2024-07-31,BCM,70690,69910,70690,70690,70690,836100,59103909000
2024-08-01,BCM,70390,65740,70190,65740,65740,2297100,151011354000
2024-08-02,BCM,67200,63320,63320,66620,66620,1409500,93900890000
2024-08-05,BCM,65840,62940,64879,65360,65360,1281800,83778448000
2024-08-06,BCM,69710,64290,65360,68750,68750,1152400,79227500000
2024-08-07,BCM,69710,67100,68750,69710,69710,897400,62557754000
2024-08-08,BCM,69610,67290,68650,69230,69230,928300,64266209000
2024-08-09,BCM,69710,68260,69230,69230,69230,559800,38754954000
2024-08-12,BCM,70390,68750,69030,68940,68940,466200,32139828000
2024-08-13,BCM,69610,67870,68450,68940,68940,688200,47444508000
2024-08-14,BCM,72130,68550,68940,69710,69710,1250100,87144471000
2024-08-15,BCM,69810,68450,69810,68550,68550,541900,37147245000
2024-08-16,BCM,70490,68550,68750,70010,70010,943900,66082439000
2024-08-19,BCM,71650,70100,70590,70190,70190,785800,55155302000
2024-08-20,BCM,71070,69710,70190,70190,70190,655300,45995507000
2024-08-21,BCM,70100,69230,70100,69710,69710,851000,59323210000
2024-08-22,BCM,70190,69330,69710,69710,69710,447600,31202196000
2024-08-23,BCM,71650,69230,70190,70100,70100,750100,52582010000
2024-08-26,BCM,70490,68650,70490,68650,68650,900400,61812460000
2024-08-27,BCM,68750,66900,68750,67970,67970,1290900,87742473000
2024-08-28,BCM,68260,67000,67870,67290,67290,649800,43725042000
2024-08-29,BCM,69230,67000,67000,69230,69230,775900,53715557000
2024-08-30,BCM,69710,68650,69130,69710,69710,408400,28469564000
2024-09-04,BCM,69710,68070,68070,69710,69710,418300,29159693000
2024-09-05,BCM,69710,68360,69710,69610,69610,507400,35320114000
2024-09-06,BCM,69710,68550,69130,69710,69710,424600,29598866000
2024-09-09,BCM,69710,68550,68840,68940,68940,418200,28830708000
2024-09-10,BCM,69710,68360,69230,69230,69230,450600,31195038000
2024-09-11,BCM,69230,68550,68750,69130,69130,375100,25930663000
2024-09-12,BCM,69230,68450,69230,69130,69130,417500,28861775000
2024-09-13,BCM,69130,68450,69030,68650,68650,291100,19984015000
2024-09-16,BCM,68840,67290,68840,68070,68070,494300,33647001000
2024-09-17,BCM,69130,67390,68070,69130,69130,235300,16266289000
2024-09-18,BCM,69130,68450,69030,69130,69130,351200,24278456000
2024-09-19,BCM,69610,68650,68840,69610,69610,346300,24105943000
2024-09-20,BCM,70190,69030,70190,69030,69030,371100,25617033000
2024-09-23,BCM,69330,68450,69030,69230,69230,244300,16912889000
2024-09-24,BCM,70190,68750,68750,69710,69710,444300,30972153000
2024-09-25,BCM,70190,69520,69710,70190,70190,443800,31150322000
2024-09-26,BCM,71170,69610,70190,69710,69710,720400,50219084000
2024-09-27,BCM,69710,68940,69710,69030,69030,465700,32147271000
2024-09-30,BCM,69030,67780,69030,67970,67970,521600,35453152000
2024-10-01,BCM,68650,67780,67970,68070,68070,428300,29154381000
2024-10-02,BCM,68070,67290,68070,67290,67290,495400,33335466000
2024-10-03,BCM,68070,65840,67000,66900,66900,541800,36246420000
2024-10-04,BCM,67290,65640,67290,65740,65740,516400,33948136000
2024-10-07,BCM,66320,65360,65840,66220,66220,289500,19170690000
2024-10-08,BCM,66520,65740,66220,66520,66520,184600,12279592000
2024-10-09,BCM,67000,65940,66520,66220,66220,303300,20084526000
2024-10-10,BCM,66620,66130,66220,66130,66130,243800,16122494000
2024-10-11,BCM,66320,65550,66320,66130,66130,296400,19600932000
2024-10-14,BCM,66320,65640,66130,66130,66130,232700,15388451000
2024-10-15,BCM,66710,65640,65940,65640,65640,272000,17854080000
2024-10-16,BCM,66040,65360,66040,65640,65640,206500,13554660000
2024-10-17,BCM,65940,64879,65940,65360,65360,241900,15810584000
2024-10-18,BCM,66320,65360,65640,65360,65360,195600,12784416000
2024-10-21,BCM,65640,64379,65160,64379,64379,215700,13886550300
2024-10-22,BCM,64379,62940,64379,62940,62940,575700,36234558000
2024-10-23,BCM,63800,62940,62940,63520,63520,181800,11547936000
2024-10-24,BCM,63800,63220,63610,63710,63710,117000,7454070000
2024-10-25,BCM,63710,63220,63520,63520,63520,105100,6675952000
2024-10-28,BCM,63610,63130,63420,63320,63320,98000,6205360000
2024-10-29,BCM,64680,63320,63320,64680,64680,163200,10555776000
2024-10-30,BCM,65260,64290,64680,64290,64290,203400,13076586000
2024-10-31,BCM,64959,64000,64200,64959,64959,143900,9347600100
2024-11-01,BCM,64959,64099,64959,64580,64580,137800,8899124000
2024-11-04,BCM,64780,63300,64780,64680,64680,194700,12593196000
2024-11-05,BCM,64879,64090,64680,64680,64680,85700,5543076000
2024-11-06,BCM,66840,64680,64680,66250,66250,603600,39988500000
2024-11-07,BCM,66650,65860,66150,66250,66250,246500,16330625000
2024-11-08,BCM,66060,65470,65960,65470,65470,247600,16210372000
2024-11-11,BCM,66350,64879,65660,66350,66350,227200,15074720000
2024-11-12,BCM,66840,65960,66350,66650,66650,297600,19835040000
2024-11-13,BCM,66740,65760,66350,66740,66740,180300,12033222000
2024-11-14,BCM,67730,66150,66150,67430,67430,761600,51354688000
2024-11-15,BCM,67630,66450,67630,66840,66840,234500,15673980000
2024-11-18,BCM,66250,64580,65560,65860,65860,410800,27055288000
2024-11-19,BCM,66250,62910,66250,62910,62910,295200,18571032000
2024-11-20,BCM,64680,62030,62910,64580,64580,251900,16267702000
2024-11-21,BCM,64680,63700,64680,64379,64379,220300,14182693700
2024-11-22,BCM,64680,63700,63890,64680,64680,125300,8104404000
2024-11-25,BCM,64680,63890,64680,64580,64580,130000,8395400000
2024-11-26,BCM,65269,64290,64290,64970,64970,250300,16261991000
2024-11-27,BCM,64970,64190,64190,64970,64970,108700,7062239000
2024-11-28,BCM,65269,64680,64970,65069,65069,109000,7092521000
2024-11-29,BCM,65370,64379,64970,65370,65370,154200,10080054000
2024-12-02,BCM,65660,64580,65660,65370,65370,136500,8923005000
2024-12-03,BCM,65370,64680,64780,65269,65269,200200,13066853800
2024-12-04,BCM,65170,64090,64680,64090,64090,146300,9376367000
2024-12-05,BCM,66840,64090,64190,66840,66840,321600,21495744000
2024-12-06,BCM,67140,65960,66450,66150,66150,189400,12528810000
2024-12-09,BCM,66840,65960,66350,66740,66740,172800,11532672000
2024-12-10,BCM,67040,66150,66840,66840,66840,174600,11670264000
2024-12-11,BCM,66840,65660,66840,65860,65860,199200,13119312000
2024-12-12,BCM,66550,65560,65960,66350,66350,167300,11100355000
2024-12-13,BCM,66550,65560,66350,66550,66550,145300,9669715000
2024-12-16,BCM,66840,65470,66550,66840,66840,248900,16636476000
2024-12-17,BCM,66840,66250,66840,66650,66650,124200,8277930000
2024-12-18,BCM,66650,66060,66650,66650,66650,92600,6171790000
2024-12-19,BCM,66350,65370,65860,65370,65370,142600,9321762000
2024-12-20,BCM,66550,65170,65370,66550,66550,163900,10907545000
2024-12-23,BCM,66840,66350,66840,66740,66740,176400,11772936000
2024-12-24,BCM,66840,66150,66840,66740,66740,142500,9510450000
2024-12-25,BCM,69200,66550,66740,68120,68120,686500,46764380000
2024-12-26,BCM,68810,67630,68120,68510,68510,156700,10735517000
2024-12-27,BCM,68610,67630,68510,68610,68610,261500,17941515000
2024-12-30,BCM,68810,67040,67630,68610,68610,233500,16020435000
2024-12-31,BCM,69690,67530,68610,69690,69690,435100,30322119000
2025-01-02,BCM,69590,68610,68810,69590,69590,202200,14071098000
2025-01-03,BCM,69300,68610,68910,69300,69300,184100,12758130000
2025-01-06,BCM,69300,67830,68510,69100,69100,168500,11643350000
2025-01-07,BCM,72740,68610,69100,71360,71360,1282500,91519200000
2025-01-08,BCM,72450,71270,71860,71360,71360,362400,25860864000
2025-01-09,BCM,72050,70280,71560,70280,70280,292500,20556900000
2025-01-10,BCM,70970,65370,70280,68810,68810,446700,30737427000
2025-01-13,BCM,68710,67140,67920,68710,68710,226000,15528460000
2025-01-14,BCM,69990,68220,68710,68810,68810,294400,20257664000
2025-01-15,BCM,69690,68020,69690,68020,68020,182600,12420452000
2025-01-16,BCM,68810,67240,68810,68120,68120,243000,16553160000
2025-01-17,BCM,68610,67530,67730,68020,68020,133900,9107878000
2025-01-20,BCM,68320,67430,68020,67920,67920,157100,10670232000
2025-01-21,BCM,68320,67040,67830,67530,67530,237700,16051881000
2025-01-22,BCM,67920,66250,67830,66250,66250,237800,15754250000
2025-01-23,BCM,66840,66150,66250,66840,66840,177600,11870784000
2025-01-24,BCM,68120,66250,66650,68120,68120,281400,19168968000
2025-02-03,BCM,68810,67240,67730,68810,68810,288700,19865447000
2025-02-04,BCM,69300,68510,68810,69100,69100,258800,17883080000
2025-02-05,BCM,70680,69000,69100,70580,70580,347200,24505376000
2025-02-06,BCM,71170,69590,71170,69590,69590,335500,23347445000
2025-02-07,BCM,69890,68810,69300,68810,68810,303700,20897597000
2025-02-10,BCM,71660,68810,68810,69690,69690,410500,28607745000
2025-02-11,BCM,70180,68810,69790,68910,68910,233900,16118049000
2025-02-12,BCM,70280,68810,69100,69300,69300,213900,14823270000
2025-02-13,BCM,69300,68510,69300,68910,68910,164600,11342586000
2025-02-14,BCM,69990,68910,69690,68910,68910,228600,15752826000
2025-02-17,BCM,69100,68610,68910,68610,68610,279800,19197078000
2025-02-18,BCM,68810,68120,68610,68320,68320,157200,10739904000
2025-02-19,BCM,70090,68320,68410,70090,70090,494200,34638478000
2025-02-20,BCM,71170,69590,70380,71170,71170,485700,34567269000
2025-02-21,BCM,74310,71270,71270,73620,73620,1248300,91899846000
2025-02-24,BCM,74900,73030,73820,73230,73230,506700,37105641000
2025-02-25,BCM,75590,73230,73230,75300,75300,699600,52679880000
2025-02-26,BCM,75790,74510,75790,75100,75100,391900,29431690000
2025-02-27,BCM,75200,73230,75200,74710,74710,469400,35068874000
2025-02-28,BCM,74610,73430,74210,74410,74410,420300,31274523000
2025-03-03,BCM,75200,73720,74310,74310,74310,287300,21349263000
2025-03-04,BCM,74710,73530,74210,74510,74510,457000,34051070000
2025-03-05,BCM,75100,73820,74710,73820,73820,339800,25084036000
2025-03-06,BCM,74410,73620,73820,73920,73920,284600,21037632000
2025-03-07,BCM,74710,73720,73920,73720,73720,373300,27519676000
2025-03-10,BCM,78830,73620,73820,78830,78830,2435900,192021997000
2025-03-11,BCM,80800,78240,79230,78830,78830,526700,41519761000
2025-03-12,BCM,80700,78540,78830,79230,79230,827800,65586594000
2025-03-13,BCM,79620,77260,79620,77460,77460,577100,44702166000
2025-03-14,BCM,78540,77360,77650,77650,77650,657500,51054875000
2025-03-17,BCM,80900,76870,78340,80410,80410,1325300,106567373000
2025-03-18,BCM,81000,79420,80900,80410,80410,738000,59342580000
2025-03-19,BCM,80410,78930,80410,79330,79330,662000,52516460000
2025-03-20,BCM,79720,76180,78740,78150,78150,916700,71640105000
2025-03-21,BCM,78640,76770,78640,77360,77360,372500,28816600000
2025-03-24,BCM,77360,75390,77360,75980,75980,398600,30285628000
2025-03-25,BCM,77850,76180,76380,76770,76770,403800,30999726000
2025-03-26,BCM,77260,76280,76770,76670,76670,369000,28291230000
2025-03-27,BCM,78150,76080,76670,76080,76080,402100,30591768000
2025-03-28,BCM,78050,76280,76380,76280,76280,588100,44860268000
2025-03-31,BCM,76280,73530,76280,73530,73530,799000,58750470000
2025-04-01,BCM,74710,73720,74710,74610,74610,183700,13705857000
2025-04-02,BCM,75790,73230,74610,74310,74310,320300,23801493000
2025-04-03,BCM,73130,69200,69200,69200,69200,738200,51083440000
2025-04-04,BCM,64379,64379,64379,64379,64379,641000,41266939000
2025-04-08,BCM,59960,59960,59960,59960,59960,216500,12981340000
2025-04-09,BCM,55830,55830,55830,55830,55830,130000,7257900000
2025-04-10,BCM,59670,59670,59670,59670,59670,159400,9511398000
2025-04-11,BCM,60450,55540,55540,58680,58680,3365500,197487540000
2025-04-14,BCM,62710,59470,62710,59470,59470,805600,47909032000
2025-04-15,BCM,59570,55340,59570,55540,55540,1162300,64554142000
2025-04-16,BCM,56520,52590,56030,52590,52590,789200,41504028000
2025-04-17,BCM,52980,48950,51800,52590,52590,926900,48745671000
2025-04-18,BCM,54460,52880,54460,53080,53080,490800,26051664000
2025-04-21,BCM,54260,52100,53570,54260,54260,494100,26809866000
2025-04-22,BCM,54060,50520,54060,51110,51110,1136600,58091626000
2025-04-23,BCM,54260,50820,52790,54060,54060,781200,42231672000
2025-04-24,BCM,56720,54060,54060,54550,54550,773800,42210790000
2025-04-25,BCM,55340,53670,55340,54850,54850,469500,25752075000
2025-04-28,BCM,55050,53970,55050,54750,54750,347500,19025625000
2025-04-29,BCM,55050,53970,54750,54060,54060,339100,18331746000
2025-05-05,BCM,56520,56130,56230,56520,56520,593100,33522012000
2025-05-06,BCM,57010,55050,56910,55050,55050,393900,21684195000
2025-05-07,BCM,56910,55340,55730,56130,56130,632700,35513451000
2025-05-08,BCM,58980,56130,56320,58980,58980,1054400,62188512000
2025-05-09,BCM,58980,57800,58980,58490,58490,648300,37919067000
2025-05-12,BCM,60450,58190,58590,60450,60450,649600,39268320000
2025-05-13,BCM,61930,60450,61930,60750,60750,744100,45204075000
2025-05-14,BCM,61440,59570,60940,61440,61440,637000,39137280000
2025-05-15,BCM,61440,59760,60450,59960,59960,369200,22137232000
2025-05-16,BCM,60160,58780,59960,59960,59960,792500,47518300000
2025-05-19,BCM,59860,58880,59470,59670,59670,564100,33659847000
2025-05-20,BCM,60850,59080,59670,59670,59670,332400,19834308000
2025-05-21,BCM,60160,59080,59960,59860,59860,281500,16850590000
2025-05-22,BCM,59670,58680,59670,58680,58680,287100,16847028000
2025-05-23,BCM,58980,57010,58680,57800,57800,265800,15363240000
2025-05-26,BCM,60750,56230,57410,60650,60650,590100,35789565000
2025-05-27,BCM,61440,60060,61440,60550,60550,572400,34658820000
2025-05-28,BCM,61140,59860,60750,60450,60450,421300,25467585000
2025-05-29,BCM,62710,60940,60940,61140,61140,904800,55319472000
2025-05-30,BCM,61530,59470,61530,59570,59570,349900,20843543000
2025-06-02,BCM,60350,58490,59470,58980,58980,317900,18749742000
2025-06-03,BCM,60060,58980,58980,60060,60060,389200,23375352000
2025-06-04,BCM,60550,59470,60450,59760,59760,295900,17682984000
2025-06-05,BCM,60350,58880,59760,59860,59860,606400,36299104000
2025-06-06,BCM,61340,59860,60160,59860,59860,648900,38843154000
2025-06-09,BCM,60160,58490,59960,58680,58680,465300,27303804000
2025-06-10,BCM,59170,58090,59170,58290,58290,372100,21689709000
2025-06-11,BCM,58390,57310,58390,57500,57500,464300,26697250000
2025-06-12,BCM,58780,57800,58780,58190,58190,351000,20424690000
2025-06-13,BCM,58490,56520,57310,58490,58490,592600,34661174000
2025-06-16,BCM,58590,57600,57600,58490,58490,362600,21208474000
2025-06-17,BCM,59170,57900,59080,58290,58290,447100,26061459000
2025-06-18,BCM,58880,57800,58290,58390,58390,383700,22404243000
2025-06-19,BCM,58590,57410,58390,58000,58000,375300,21767400000
2025-06-20,BCM,58490,57410,58000,57600,57600,341000,19641600000
2025-06-23,BCM,59570,57210,57600,59080,59080,594700,35134876000
2025-06-24,BCM,60450,59270,59570,60450,60450,1078700,65207415000
2025-06-25,BCM,60750,60160,60750,60750,60750,599300,36407475000
2025-06-26,BCM,61040,60160,60850,61040,61040,492400,30056096000
2025-06-27,BCM,61930,60750,61040,61930,61930,742500,45983025000
2025-06-30,BCM,63110,62030,62030,63110,63110,626300,39525793000
2025-07-01,BCM,63700,61730,63500,63400,63400,967500,61339500000
2025-07-02,BCM,67630,62910,63400,67040,67040,1408200,94405728000
2025-07-03,BCM,65960,62420,64879,65269,65269,1607100,104893809900
2025-07-04,BCM,65269,63400,65269,64379,64379,595200,38318380800
2025-07-07,BCM,65269,63890,65269,64879,64879,592000,38408368000
2025-07-08,BCM,66350,65170,65860,66350,66350,700400,46471540000
2025-07-09,BCM,67430,65860,66350,67430,67430,803600,54186748000
2025-07-10,BCM,67920,66840,67430,67430,67430,567700,38280011000
2025-07-11,BCM,67430,66650,67330,66840,66840,514500,34389180000
2025-07-14,BCM,67330,64879,67040,67330,67330,666700,44888911000
2025-07-15,BCM,67430,65860,67430,65860,65860,424900,27983914000
2025-07-16,BCM,66250,65560,65760,65960,65960,306600,20223336000
2025-07-17,BCM,67240,65860,66550,66150,66150,358500,23714775000
2025-07-18,BCM,67920,66150,66450,66550,66550,587500,39098125000
2025-07-21,BCM,66840,65560,66840,65660,65660,374200,24569972000
2025-07-22,BCM,67040,65069,65560,67040,67040,359300,24087472000
2025-07-23,BCM,68710,66450,67330,68020,68020,822100,55919242000
2025-07-24,BCM,69690,67830,68220,68710,68710,902700,62024517000
2025-07-25,BCM,69000,68120,68710,68610,68610,620100,42545061000
2025-07-28,BCM,68710,67330,68710,68510,68510,1371300,93947763000
2025-07-29,BCM,68710,65560,68710,66940,66940,960200,64275788000
2025-07-30,BCM,68020,65960,66550,67830,67830,504200,34199886000
2025-07-31,BCM,71760,68410,71760,70480,70480,1801500,126969720000
2025-08-01,BCM,70680,68320,70480,68710,68710,456600,31372986000
2025-08-04,BCM,69790,67730,68710,69790,69790,799000,55762210000
2025-08-05,BCM,70280,66840,69790,67730,67730,919800,62298054000
2025-08-06,BCM,68510,67240,68020,68510,68510,633500,43401085000
2025-08-07,BCM,70580,68610,69300,69400,69400,786600,54590040000
2025-08-08,BCM,69690,68320,69400,69400,69400,547000,37961800000
2025-08-11,BCM,71660,68320,69690,69500,69500,1211100,84171450000
2025-08-12,BCM,70380,68810,70180,70280,70280,662300,46546444000
2025-08-13,BCM,70770,68810,69990,69790,69790,843700,58881823000
2025-08-14,BCM,70580,68710,69890,69300,69300,846000,58627800000
2025-08-15,BCM,69890,67830,69590,69000,69000,529900,36563100000
2025-08-18,BCM,69300,68220,68910,68810,68810,382600,26326706000
2025-08-19,BCM,69300,68410,68810,69300,69300,609200,42217560000
2025-08-20,BCM,69790,67430,69200,69300,69300,649000,44975700000
2025-08-21,BCM,69500,67730,69200,68710,68710,478400,32870864000
2025-08-22,BCM,67730,65370,67330,65370,65370,484100,31645617000
2025-08-25,BCM,66060,63890,65370,63890,63890,399700,25536833000
2025-08-26,BCM,67830,62910,63500,67830,67830,422800,28678524000
2025-08-27,BCM,67140,65860,66840,66740,66740,413100,27570294000
2025-08-28,BCM,66840,65470,66350,66840,66840,595000,39769800000
2025-08-29,BCM,66650,65370,66550,65860,65860,614900,40497314000
2025-09-03,BCM,66650,65269,65860,66650,66650,430900,28719485000
2025-09-04,BCM,66740,66250,66350,66550,66550,283300,18853615000
2025-09-05,BCM,68220,66350,66550,66550,66550,744800,49566440000
2025-09-08,BCM,66350,65269,66350,65760,65760,309700,20365872000
2025-09-09,BCM,66740,64480,65269,66740,66740,356600,23799484000
2025-09-10,BCM,66740,65470,66740,66350,66350,152500,10118375000
2025-09-11,BCM,66450,63890,65860,66450,66450,378700,25164615000
2025-09-12,BCM,66650,65470,65470,65760,65760,211500,13908240000
2025-09-15,BCM,67830,65760,66450,67630,67630,510300,34511589000
2025-09-16,BCM,68220,66450,67920,67830,67830,499300,33867519000
2025-09-17,BCM,68810,67240,67630,68510,68510,448800,30747288000
2025-09-18,BCM,68510,66940,68510,68020,68020,294900,20059098000
2025-09-19,BCM,67830,66840,67830,67730,67730,219800,14887054000
2025-09-22,BCM,67730,65760,66840,66550,66550,378600,25195830000
2025-09-23,BCM,66350,65470,66150,65560,65560,105800,6936248000
2025-09-24,BCM,66150,64970,65560,66150,66150,148900,9849735000
2025-09-25,BCM,66650,65860,66150,66250,66250,149200,9884500000
2025-09-26,BCM,66740,65560,65560,66550,66550,215300,14328215000
2025-09-29,BCM,66550,65470,66550,66060,66060,144100,9519246000
2025-09-30,BCM,65760,64879,65370,65760,65760,227200,14940672000
2025-10-01,BCM,65760,64970,65560,65760,65760,141200,9285312000
2025-10-02,BCM,65860,65069,65370,65069,65069,99500,6474365500
2025-10-03,BCM,65269,63700,65069,65269,65269,194100,12668712900
2025-10-06,BCM,66060,64879,65660,65760,65760,137000,9009120000
2025-10-07,BCM,65760,65069,65170,65069,65069,94700,6162034300
2025-10-08,BCM,66350,65069,65370,65860,65860,219600,14462856000
2025-10-09,BCM,66060,65069,65860,65170,65170,147900,9638643000
2025-10-10,BCM,65370,64879,65069,64970,64970,315200,20478544000
2025-10-13,BCM,65069,64290,64680,64970,64970,221000,14358370000
2025-10-14,BCM,65170,63700,64780,63700,63700,376200,23963940000
2025-10-15,BCM,63500,61930,63500,63400,63400,405300,25696020000
2025-10-16,BCM,64379,62710,63790,64379,64379,342000,22017618000
2025-10-17,BCM,64780,62910,64480,64780,64780,274700,17795066000
2025-10-20,BCM,64290,61440,63990,61440,61440,232800,14303232000
2025-10-21,BCM,62910,61140,61440,62910,62910,234600,14758686000
2025-10-22,BCM,63890,61730,62420,63890,63890,194700,12439383000
2025-10-23,BCM,64290,62910,63890,64290,64290,175700,11295753000
2025-10-24,BCM,64680,63010,63010,64680,64680,167400,10827432000
2025-10-27,BCM,65560,63990,64780,64379,64379,148600,9566719400
2025-10-28,BCM,65370,63400,64379,65370,65370,202600,13243962000
2025-10-29,BCM,65560,64780,65370,65560,65560,314700,20631732000
2025-10-30,BCM,65960,65269,65370,65760,65760,161200,10600512000
2025-10-31,BCM,65760,64879,65760,64879,64879,129400,8395342600
2025-11-03,BCM,65069,63700,64879,64879,64879,214900,13942497100
2025-11-04,BCM,65860,63700,63990,65860,65860,223300,14706538000
2025-11-05,BCM,66060,65170,65960,66060,66060,251300,16600878000
2025-11-06,BCM,68120,65860,66060,67530,67530,636200,42962586000
2025-11-07,BCM,67240,65560,67240,66840,66840,181700,12144828000
2025-11-10,BCM,67140,64879,66840,64879,64879,192900,12515159100
2025-11-11,BCM,65860,63500,64090,65860,65860,312400,20574664000
2025-11-12,BCM,65860,64680,65660,65760,65760,271800,17873568000
2025-11-13,BCM,67140,64970,65069,66740,66740,410400,27390096000
2025-11-14,BCM,66740,65470,66650,66350,66350,244000,16189400000
2025-11-17,BCM,67730,66350,66450,67730,67730,583100,39493363000
2025-11-18,BCM,68120,66550,67730,66550,66550,226900,15100195000
2025-11-19,BCM,66940,64970,66250,64970,64970,350800,22791476000
2025-11-20,BCM,65660,64480,65069,64970,64970,298400,19387048000
2025-11-21,BCM,65860,63500,64379,65860,65860,349400,23011484000
2025-11-24,BCM,65860,64879,65860,65560,65560,104500,6851020000
2025-11-25,BCM,65560,64379,64879,64379,64379,147000,9463713000
2025-11-26,BCM,65269,63890,64379,65269,65269,167800,10952138200
2025-11-27,BCM,65470,64290,65470,65269,65269,170600,11134891400
2025-11-28,BCM,65470,63890,64580,65470,65470,226800,14848596000
2025-12-01,BCM,64879,64290,64379,64480,64480,103800,6693024000
2025-12-02,BCM,65170,63500,64480,65170,65170,234900,15308433000
2025-12-03,BCM,65170,64379,64970,64780,64780,92500,5992150000
2025-12-04,BCM,65170,64379,64879,65170,65170,146900,9573473000
2025-12-05,BCM,64970,64379,64970,64879,64879,144600,9381503400
2025-12-08,BCM,64879,63990,64480,64879,64879,158400,10276833600
2025-12-09,BCM,64970,63990,64879,64780,64780,211000,13668580000
2025-12-10,BCM,64780,64190,64680,64780,64780,133300,8635174000
2025-12-11,BCM,65760,64090,64190,64090,64090,237500,15221375000
2025-12-12,BCM,64680,63110,64190,64190,64190,154300,9904517000
2025-12-15,BCM,64290,63500,63500,64190,64190,113700,7298403000
2025-12-16,BCM,64190,59760,63990,63700,63700,338300,21549710000
2025-12-17,BCM,63600,61730,63600,61830,61830,269600,16669368000
2025-12-18,BCM,61930,58980,61440,60260,60260,589700,35535322000
2025-12-19,BCM,60750,60160,60260,60260,60260,102100,6152546000
2025-12-22,BCM,60850,60060,60350,60850,60850,93800,5707730000
2025-12-23,BCM,60850,60060,60850,60160,60160,176500,10618240000
2025-12-24,BCM,60160,59270,60160,59370,59370,183800,10912206000
2025-12-25,BCM,59760,59270,59370,59470,59470,84200,5007374000
2025-12-26,BCM,59760,57500,59760,58590,58590,215900,12649581000
2025-12-29,BCM,62620,57800,58490,59470,59470,244600,14546362000
2025-12-30,BCM,60450,58490,60160,60450,60450,159800,9659910000
2025-12-31,BCM,60750,59470,59470,60750,60750,147900,8984925000
2026-01-05,BCM,60550,59470,60550,60060,60060,140300,8426418000
2026-01-06,BCM,63400,59570,59960,62710,62710,772000,48412120000
2026-01-07,BCM,67040,61440,62710,67040,67040,2245200,150518208000
2026-01-08,BCM,70480,66840,70380,67040,67040,2157500,144638800000
2026-01-09,BCM,69990,66350,66840,69790,69790,2148100,149915899000
2026-01-12,BCM,72740,67830,69790,68810,68810,1168700,80418247000
2026-01-13,BCM,68810,65860,68810,67430,67430,2481100,167300573000
2026-01-14,BCM,72150,67730,68810,72150,72150,2644100,190771815000
2026-01-15,BCM,77160,72740,74310,76570,76570,3735300,286011921000
2026-01-16,BCM,78150,73720,73720,76180,76180,2212600,168555868000
2026-01-19,BCM,79620,74120,74710,77460,77460,2061200,159660552000
2026-01-20,BCM,82270,75790,75890,78640,78640,1741700,136967288000
2026-01-21,BCM,77750,74710,76870,75000,75000,1530500,114787500000
2026-01-22,BCM,75790,72250,74120,73230,73230,2000700,146511261000
2026-01-23,BCM,72740,68120,72250,68120,68120,1968300,134080596000
2026-01-26,BCM,70180,66840,67530,66940,66940,1350500,90402470000
2026-01-27,BCM,67630,63500,66060,65960,65960,1909100,125924236000
2026-01-28,BCM,67530,64480,66740,64879,64879,1242100,80586205900
2026-01-29,BCM,65860,63990,64879,64879,64879,1122000,72794238000
2026-01-30,BCM,68120,65760,65860,66940,66940,1823000,122031620000
2026-02-02,BCM,70770,67330,68810,69690,69690,2104800,146683512000
2026-02-03,BCM,73530,68810,70680,72740,72740,2697500,196216150000
2026-02-04,BCM,73530,70280,73230,70680,70680,1902200,134447496000
2026-02-05,BCM,70680,67730,70180,67730,67730,1391200,94225976000
2026-02-06,BCM,67630,64379,66840,64379,64379,2006400,129170025600
2026-02-09,BCM,65860,62910,65470,63010,63010,1810700,114092207000
2026-02-10,BCM,64480,62520,62910,63400,63400,818100,51867540000
2026-02-11,BCM,64090,63300,63890,63500,63500,617100,39185850000
2026-02-12,BCM,64000,62100,64000,62800,62800,1008700,63346360000
2026-02-13,BCM,63300,62300,62800,63300,63300,570900,36137970000
2026-02-23,BCM,65000,63600,64400,64300,64300,878900,56513270000
2026-02-24,BCM,65700,64000,64400,64599,64599,1186600,76653173400
2026-02-25,BCM,69100,64500,65000,67000,67000,2413500,161704500000
2026-02-26,BCM,67300,65800,66600,66000,66000,782200,51625200000
2026-02-27,BCM,68000,66100,66100,67300,67300,1208300,81318590000
2026-03-02,BCM,67500,64500,64700,65000,65000,1596300,103759500000
2026-03-03,BCM,65500,62600,65000,62700,62700,1715800,107580660000
2026-03-04,BCM,63000,58500,62200,60100,60100,2212700,132983270000
2026-03-05,BCM,61400,59000,61200,59000,59000,1006100,59359900000
2026-03-06,BCM,59500,58500,58500,58600,58600,634000,37152400000
