expert_run,expert_model,market_run,market_model,method,weight_expert,agreement_rate,overlap_codes,code_count,val_rows,test_rows,expert_val_rel_score_overlap,expert_test_rel_score_overlap,market_val_rel_score_overlap,market_test_rel_score_overlap,committee_val_rel_score,committee_test_rel_score,committee_val_abs_loss,committee_test_abs_loss
mini_tpdouong_g06_uncertainty_sidecar,lstm_best_by_val,confirm_vn100_fnb_committee_20260408_235445_r01,lstm_best_by_val,agree_only,0.3,0.5485367293581851,"KDC,SAB,SBT,VNM",4,997,1165,0.021012648466806727,0.05048465575862915,-0.01014920571426181,-0.008707676792512054,0.029100024243631784,0.04686069015705052,0.014707055978942665,0.016151315317256377
mini_tpdouong_g06_uncertainty_sidecar,lstm_best_by_val,confirm_vn100_fnb_committee_20260408_235445_r01,lstm_best_by_val,agree_only,0.35,0.5485367293581851,"KDC,SAB,SBT,VNM",4,997,1165,0.021012648466806727,0.05048465575862915,-0.01014920571426181,-0.008707676792512054,0.02784159963998034,0.049393317756575406,0.014726118417456748,0.0161083989602048
mini_tpdouong_g06_uncertainty_sidecar,lstm_best_by_val,confirm_vn100_fnb_committee_20260408_235445_r01,lstm_best_by_val,agree_only,0.4,0.5485367293581851,"KDC,SAB,SBT,VNM",4,997,1165,0.021012648466806727,0.05048465575862915,-0.01014920571426181,-0.008707676792512054,0.027753920748974426,0.04949650835400865,0.014727446564938873,0.016106650355504827
mini_tpdouong_g06_uncertainty_sidecar,lstm_best_by_val,confirm_vn100_fnb_committee_20260408_235445_r01,lstm_best_by_val,agree_only,0.25,0.5485367293581851,"KDC,SAB,SBT,VNM",4,997,1165,0.021012648466806727,0.05048465575862915,-0.01014920571426181,-0.008707676792512054,0.026928027126872922,0.045996838854659994,0.014739957085112113,0.016165953612653543
mini_tpdouong_g06_uncertainty_sidecar,lstm_best_by_val,confirm_vn100_fnb_committee_20260408_235445_r01,lstm_ensemble,agree_only,0.4,0.5629585898625284,"KDC,SAB,SBT,VNM",4,997,1165,0.021012648466806727,0.05048465575862915,-0.005471218286397406,0.013421679298352696,0.026918345997646753,0.046308157695568286,0.014740103733493022,0.01616067819413729
mini_tpdouong_g06_uncertainty_sidecar,lstm_best_by_val,confirm_vn100_fnb_committee_20260408_235445_r01,lstm_best_by_val,agree_only,0.45,0.5485367293581851,"KDC,SAB,SBT,VNM",4,997,1165,0.021012648466806727,0.05048465575862915,-0.01014920571426181,-0.008707676792512054,0.0256170044685764,0.04770559288641274,0.014759816271543968,0.016136998112779112
mini_tpdouong_g06_uncertainty_sidecar,lstm_best_by_val,confirm_vn100_fnb_committee_20260408_235445_r01,lstm_ensemble,agree_only,0.35,0.5629585898625284,"KDC,SAB,SBT,VNM",4,997,1165,0.021012648466806727,0.05048465575862915,-0.005471218286397406,0.013421679298352696,0.025600767135231073,0.04495244728795056,0.01476006223238074,0.01618365123285912
mini_tpdouong_g06_uncertainty_sidecar,lstm_best_by_val,confirm_vn100_fnb_committee_20260408_235445_r01,lstm_best_by_val,agree_only,0.2,0.5485367293581851,"KDC,SAB,SBT,VNM",4,997,1165,0.021012648466806727,0.05048465575862915,-0.01014920571426181,-0.008707676792512054,0.025509980899163454,0.04635405018244676,0.01476143744948786,0.01615990052814596
mini_tpdouong_g06_uncertainty_sidecar,lstm_best_by_val,confirm_vn100_fnb_committee_20260408_235445_r01,lstm_ensemble,agree_only,0.3,0.5629585898625284,"KDC,SAB,SBT,VNM",4,997,1165,0.021012648466806727,0.05048465575862915,-0.005471218286397406,0.013421679298352696,0.025310219516519128,0.0444684715420578,0.014764463406754667,0.016191852389601996
mini_tpdouong_g06_uncertainty_sidecar,lstm_best_by_val,confirm_vn100_fnb_committee_20260408_235445_r01,lstm_ensemble,agree_only,0.75,0.5629585898625284,"KDC,SAB,SBT,VNM",4,997,1165,0.021012648466806727,0.05048465575862915,-0.005471218286397406,0.013421679298352696,0.024878859769465023,0.04624650956794274,0.01477099758340046,0.016161722845572518
mini_tpdouong_g06_uncertainty_sidecar,lstm_best_by_val,confirm_vn100_fnb_committee_20260408_235445_r01,lstm_signmag_best_by_val,avg,0.8,0.6602007253099434,"KDC,SAB,SBT,VNM",4,997,1165,0.021012648466806727,0.05048465575862915,0.012274681756143657,0.017204385786431353,0.02404429663927088,0.037939873863612306,0.01478363942806027,0.01630248200963252
mini_tpdouong_g06_uncertainty_sidecar,lstm_best_by_val,confirm_vn100_fnb_committee_20260408_235445_r01,lstm_ensemble,agree_only,0.7,0.5629585898625284,"KDC,SAB,SBT,VNM",4,997,1165,0.021012648466806727,0.05048465575862915,-0.005471218286397406,0.013421679298352696,0.023991928998498224,0.046008663550160755,0.01478443268570118,0.016165753238601616
mini_tpdouong_g06_uncertainty_sidecar,lstm_best_by_val,confirm_vn100_fnb_committee_20260408_235445_r01,lstm_ensemble,agree_only,0.25,0.5629585898625284,"KDC,SAB,SBT,VNM",4,997,1165,0.021012648466806727,0.05048465575862915,-0.005471218286397406,0.013421679298352696,0.023910557020804135,0.0444684715420578,0.014785665296949453,0.016191852389601996
mini_tpdouong_g06_uncertainty_sidecar,lstm_best_by_val,confirm_vn100_fnb_committee_20260408_235445_r01,lstm_ensemble,avg,0.9,0.5629585898625284,"KDC,SAB,SBT,VNM",4,997,1165,0.021012648466806727,0.05048465575862915,-0.005471218286397406,0.013421679298352696,0.023582957583272335,0.050549393682211785,0.0147906277270522,0.016088808805216105
mini_tpdouong_g06_uncertainty_sidecar,lstm_best_by_val,confirm_vn100_fnb_committee_20260408_235445_r01,lstm_best_by_val,agree_only,0.5,0.5485367293581851,"KDC,SAB,SBT,VNM",4,997,1165,0.021012648466806727,0.05048465575862915,-0.01014920571426181,-0.008707676792512054,0.0234360679467992,0.049175298387521105,0.014792852790560574,0.016112093382980676
mini_tpdouong_g06_uncertainty_sidecar,lstm_best_by_val,confirm_vn100_fnb_committee_20260408_235445_r01,lstm_ensemble,agree_only,0.8,0.5629585898625284,"KDC,SAB,SBT,VNM",4,997,1165,0.021012648466806727,0.05048465575862915,-0.005471218286397406,0.013421679298352696,0.02333027795860021,0.04699265484430504,0.014794455282390118,0.016149079124443237
mini_tpdouong_g06_uncertainty_sidecar,lstm_best_by_val,confirm_vn100_fnb_committee_20260408_235445_r01,lstm_signmag_best_by_val,agree_only,0.15,0.6602007253099434,"KDC,SAB,SBT,VNM",4,997,1165,0.021012648466806727,0.05048465575862915,0.012274681756143657,0.017204385786431353,0.023285427132128556,0.04932071562386653,0.014795134676387534,0.0161096292315051
mini_tpdouong_g06_uncertainty_sidecar,lstm_best_by_val,confirm_vn100_fnb_committee_20260408_235445_r01,lstm_signmag_best_by_val,agree_only,0.75,0.6602007253099434,"KDC,SAB,SBT,VNM",4,997,1165,0.021012648466806727,0.05048465575862915,0.012274681756143657,0.017204385786431353,0.023247966841435486,0.05193080487176571,0.014795702119590715,0.016065400256775324
mini_tpdouong_g06_uncertainty_sidecar,lstm_best_by_val,confirm_vn100_fnb_committee_20260408_235445_r01,lstm_signmag_best_by_val,avg,0.85,0.6602007253099434,"KDC,SAB,SBT,VNM",4,997,1165,0.021012648466806727,0.05048465575862915,0.012274681756143657,0.017204385786431353,0.023159773133691997,0.04103810166615973,0.014797038065444214,0.0162499813377508
mini_tpdouong_g06_uncertainty_sidecar,lstm_best_by_val,confirm_vn100_fnb_committee_20260408_235445_r01,lstm_ensemble,agree_only,0.85,0.5629585898625284,"KDC,SAB,SBT,VNM",4,997,1165,0.021012648466806727,0.05048465575862915,-0.005471218286397406,0.013421679298352696,0.02314295959754975,0.04880353169909024,0.014797292754519733,0.016118393113720233
mini_tpdouong_g06_uncertainty_sidecar,lstm_best_by_val,confirm_vn100_fnb_committee_20260408_235445_r01,lstm_ensemble,avg,0.95,0.5629585898625284,"KDC,SAB,SBT,VNM",4,997,1165,0.021012648466806727,0.05048465575862915,-0.005471218286397406,0.013421679298352696,0.023101903563158666,0.04983557335651123,0.014797914665541612,0.016100904767517937
mini_tpdouong_g06_uncertainty_sidecar,lstm_best_by_val,confirm_vn100_fnb_committee_20260408_235445_r01,lstm_signmag_best_by_val,agree_only,0.8,0.6602007253099434,"KDC,SAB,SBT,VNM",4,997,1165,0.021012648466806727,0.05048465575862915,0.012274681756143657,0.017204385786431353,0.0229835245333172,0.05163991406482915,0.01479970785439946,0.01607032951433212
mini_tpdouong_g06_uncertainty_sidecar,lstm_best_by_val,confirm_vn100_fnb_committee_20260408_235445_r01,lstm_signmag_best_by_val,avg,0.9,0.6602007253099434,"KDC,SAB,SBT,VNM",4,997,1165,0.021012648466806727,0.05048465575862915,0.012274681756143657,0.017204385786431353,0.022849278263708306,0.04471990733777864,0.014801741397968728,0.016187591712514403
mini_tpdouong_g06_uncertainty_sidecar,lstm_best_by_val,confirm_vn100_fnb_committee_20260408_235445_r01,lstm_signmag_best_by_val,avg,0.75,0.6602007253099434,"KDC,SAB,SBT,VNM",4,997,1165,0.021012648466806727,0.05048465575862915,0.012274681756143657,0.017204385786431353,0.022672659377624638,0.03418713135453766,0.014804416795959697,0.016366073687095202
mini_tpdouong_g06_uncertainty_sidecar,lstm_best_by_val,confirm_vn100_fnb_committee_20260408_235445_r01,lstm_best_by_val,agree_only,0.8,0.5485367293581851,"KDC,SAB,SBT,VNM",4,997,1165,0.021012648466806727,0.05048465575862915,-0.01014920571426181,-0.008707676792512054,0.022664543352762134,0.04495774820303766,0.014804539736360315,0.016183561406796804
mini_tpdouong_g06_uncertainty_sidecar,lstm_best_by_val,confirm_vn100_fnb_committee_20260408_235445_r01,lstm_signmag_best_by_val,agree_only,0.9,0.6602007253099434,"KDC,SAB,SBT,VNM",4,997,1165,0.021012648466806727,0.05048465575862915,0.012274681756143657,0.017204385786431353,0.02260495185041156,0.05163991406482915,0.014805442420038164,0.01607032951433212
mini_tpdouong_g06_uncertainty_sidecar,lstm_best_by_val,confirm_vn100_fnb_committee_20260408_235445_r01,lstm_ensemble,agree_only,0.9,0.5629585898625284,"KDC,SAB,SBT,VNM",4,997,1165,0.021012648466806727,0.05048465575862915,-0.005471218286397406,0.013421679298352696,0.022538737474261827,0.04975539418192643,0.014806445426074791,0.016102263434731874
mini_tpdouong_g06_uncertainty_sidecar,lstm_best_by_val,confirm_vn100_fnb_committee_20260408_235445_r01,lstm_signmag_best_by_val,agree_only,0.85,0.6602007253099434,"KDC,SAB,SBT,VNM",4,997,1165,0.021012648466806727,0.05048465575862915,0.012274681756143657,0.017204385786431353,0.02252837816836928,0.05163991406482915,0.01480660234738025,0.01607032951433212
mini_tpdouong_g06_uncertainty_sidecar,lstm_best_by_val,confirm_vn100_fnb_committee_20260408_235445_r01,lstm_best_by_val,agree_only,0.85,0.5485367293581851,"KDC,SAB,SBT,VNM",4,997,1165,0.021012648466806727,0.05048465575862915,-0.01014920571426181,-0.008707676792512054,0.022275868340036142,0.04620239839394735,0.014810427330667158,0.016162470326526096
mini_tpdouong_g06_uncertainty_sidecar,lstm_best_by_val,confirm_vn100_fnb_committee_20260408_235445_r01,lstm_best_by_val,agree_only,0.15,0.5485367293581851,"KDC,SAB,SBT,VNM",4,997,1165,0.021012648466806727,0.05048465575862915,-0.01014920571426181,-0.008707676792512054,0.022246718703559987,0.04495774820303766,0.014810868885251694,0.016183561406796804
mini_tpdouong_g06_uncertainty_sidecar,lstm_best_by_val,confirm_vn100_fnb_committee_20260408_235445_r01,lstm_signmag_best_by_val,agree_only,0.7,0.6602007253099434,"KDC,SAB,SBT,VNM",4,997,1165,0.021012648466806727,0.05048465575862915,0.012274681756143657,0.017204385786431353,0.022219102277594382,0.05166307843171858,0.01481128721497953,0.016069936985149982
mini_tpdouong_g06_uncertainty_sidecar,lstm_best_by_val,confirm_vn100_fnb_committee_20260408_235445_r01,lstm_signmag_best_by_val,agree_only,0.0,0.6602007253099434,"KDC,SAB,SBT,VNM",4,997,1165,0.021012648466806727,0.05048465575862915,0.012274681756143657,0.017204385786431353,0.022103019076787578,0.044053274070220305,0.01481304562694277,0.01619888807181269
mini_tpdouong_g06_uncertainty_sidecar,lstm_best_by_val,confirm_vn100_fnb_committee_20260408_235445_r01,lstm_signmag_best_by_val,avg,0.95,0.6602007253099434,"KDC,SAB,SBT,VNM",4,997,1165,0.021012648466806727,0.05048465575862915,0.012274681756143657,0.017204385786431353,0.022084260640056752,0.04926166153366429,0.014813329777098263,0.01611062992596999
mini_tpdouong_g06_uncertainty_sidecar,lstm_best_by_val,confirm_vn100_fnb_committee_20260408_235445_r01,lstm_signmag_best_by_val,agree_only,0.95,0.6602007253099434,"KDC,SAB,SBT,VNM",4,997,1165,0.021012648466806727,0.05048465575862915,0.012274681756143657,0.017204385786431353,0.022045519071469566,0.051586126883066186,0.014813916628918379,0.016071240958990533
mini_tpdouong_g06_uncertainty_sidecar,lstm_best_by_val,confirm_vn100_fnb_committee_20260408_235445_r01,lstm_signmag_best_by_val,agree_only,0.2,0.6602007253099434,"KDC,SAB,SBT,VNM",4,997,1165,0.021012648466806727,0.05048465575862915,0.012274681756143657,0.017204385786431353,0.022022873331272286,0.049957034970271375,0.014814259663398843,0.016098846553359185
mini_tpdouong_g06_uncertainty_sidecar,lstm_best_by_val,confirm_vn100_fnb_committee_20260408_235445_r01,lstm_ensemble,agree_only,0.45,0.5629585898625284,"KDC,SAB,SBT,VNM",4,997,1165,0.021012648466806727,0.05048465575862915,-0.005471218286397406,0.013421679298352696,0.02183276320138361,0.04565292653079511,0.014817139424849305,0.016171781340381136
mini_tpdouong_g06_uncertainty_sidecar,lstm_best_by_val,confirm_vn100_fnb_committee_20260408_235445_r01,lstm_signmag_best_by_val,agree_only,0.1,0.6602007253099434,"KDC,SAB,SBT,VNM",4,997,1165,0.021012648466806727,0.05048465575862915,0.012274681756143657,0.017204385786431353,0.021654850885079346,0.04722058869704082,0.014819834415538939,0.016145216696895663
mini_tpdouong_g06_uncertainty_sidecar,lstm_best_by_val,confirm_vn100_fnb_committee_20260408_235445_r01,lstm_best_by_val,agree_only,0.7,0.5485367293581851,"KDC,SAB,SBT,VNM",4,997,1165,0.021012648466806727,0.05048465575862915,-0.01014920571426181,-0.008707676792512054,0.021409339643973624,0.046604013473128814,0.014823553385213017,0.016155664803227415
mini_tpdouong_g06_uncertainty_sidecar,lstm_best_by_val,confirm_vn100_fnb_committee_20260408_235445_r01,lstm_ensemble,agree_only,0.2,0.5629585898625284,"KDC,SAB,SBT,VNM",4,997,1165,0.021012648466806727,0.05048465575862915,-0.005471218286397406,0.013421679298352696,0.02139122969957019,0.04321853829813849,0.014823827712098142,0.01621303299325519
mini_tpdouong_g06_uncertainty_sidecar,lstm_best_by_val,confirm_vn100_fnb_committee_20260408_235445_r01,lstm_best_by_val,agree_only,0.75,0.5485367293581851,"KDC,SAB,SBT,VNM",4,997,1165,0.021012648466806727,0.05048465575862915,-0.01014920571426181,-0.008707676792512054,0.02102066501551092,0.045581124413070495,0.014829440973699095,0.01617299805511721
mini_tpdouong_g06_uncertainty_sidecar,lstm_best_by_val,confirm_vn100_fnb_committee_20260408_235445_r01,lstm_best_by_val,avg,1.0,0.5485367293581851,"KDC,SAB,SBT,VNM",4,997,1165,0.021012648466806727,0.05048465575862915,-0.01014920571426181,-0.008707676792512054,0.021012648466806727,0.05048465575862915,0.014829562407248888,0.01608990581444232
mini_tpdouong_g06_uncertainty_sidecar,lstm_best_by_val,confirm_vn100_fnb_committee_20260408_235445_r01,lstm_best_by_val,agree_only,1.0,0.5485367293581851,"KDC,SAB,SBT,VNM",4,997,1165,0.021012648466806727,0.05048465575862915,-0.01014920571426181,-0.008707676792512054,0.021012648466806727,0.05048465575862915,0.014829562407248888,0.01608990581444232
mini_tpdouong_g06_uncertainty_sidecar,lstm_best_by_val,confirm_vn100_fnb_committee_20260408_235445_r01,lstm_signmag_best_by_val,avg,1.0,0.6602007253099434,"KDC,SAB,SBT,VNM",4,997,1165,0.021012648466806727,0.05048465575862915,0.012274681756143657,0.017204385786431353,0.021012648466806727,0.05048465575862915,0.014829562407248888,0.01608990581444232
mini_tpdouong_g06_uncertainty_sidecar,lstm_best_by_val,confirm_vn100_fnb_committee_20260408_235445_r01,lstm_signmag_best_by_val,agree_only,1.0,0.6602007253099434,"KDC,SAB,SBT,VNM",4,997,1165,0.021012648466806727,0.05048465575862915,0.012274681756143657,0.017204385786431353,0.021012648466806727,0.05048465575862915,0.014829562407248888,0.01608990581444232
mini_tpdouong_g06_uncertainty_sidecar,lstm_best_by_val,confirm_vn100_fnb_committee_20260408_235445_r01,lstm_ensemble,avg,1.0,0.5629585898625284,"KDC,SAB,SBT,VNM",4,997,1165,0.021012648466806727,0.05048465575862915,-0.005471218286397406,0.013421679298352696,0.021012648466806727,0.05048465575862915,0.014829562407248888,0.01608990581444232
mini_tpdouong_g06_uncertainty_sidecar,lstm_best_by_val,confirm_vn100_fnb_committee_20260408_235445_r01,lstm_ensemble,agree_only,1.0,0.5629585898625284,"KDC,SAB,SBT,VNM",4,997,1165,0.021012648466806727,0.05048465575862915,-0.005471218286397406,0.013421679298352696,0.021012648466806727,0.05048465575862915,0.014829562407248888,0.01608990581444232
mini_tpdouong_g06_uncertainty_sidecar,lstm_best_by_val,confirm_vn100_fnb_committee_20260408_235445_r01,lstm_best_by_val,agree_only,0.1,0.5485367293581851,"KDC,SAB,SBT,VNM",4,997,1165,0.021012648466806727,0.05048465575862915,-0.01014920571426181,-0.008707676792512054,0.021008850456521344,0.041351090697216986,0.01482961993897334,0.016244677617214626
mini_tpdouong_g06_uncertainty_sidecar,lstm_best_by_val,confirm_vn100_fnb_committee_20260408_235445_r01,lstm_ensemble,avg,0.85,0.5629585898625284,"KDC,SAB,SBT,VNM",4,997,1165,0.021012648466806727,0.05048465575862915,-0.005471218286397406,0.013421679298352696,0.020989082416039584,0.046716792399572826,0.014829919382464142,0.01615375372057315
mini_tpdouong_g06_uncertainty_sidecar,lstm_best_by_val,confirm_vn100_fnb_committee_20260408_235445_r01,lstm_signmag_best_by_val,agree_only,0.05,0.6602007253099434,"KDC,SAB,SBT,VNM",4,997,1165,0.021012648466806727,0.05048465575862915,0.012274681756143657,0.017204385786431353,0.02058790813518141,0.04580203091219981,0.014835996313922808,0.01616925470880233
mini_tpdouong_g06_uncertainty_sidecar,lstm_best_by_val,confirm_vn100_fnb_committee_20260408_235445_r01,lstm_signmag_best_by_val,agree_only,0.25,0.6602007253099434,"KDC,SAB,SBT,VNM",4,997,1165,0.021012648466806727,0.05048465575862915,0.012274681756143657,0.017204385786431353,0.02053112108235755,0.049899532819828396,0.01483685651619453,0.016099820949602876
mini_tpdouong_g06_uncertainty_sidecar,lstm_best_by_val,confirm_vn100_fnb_committee_20260408_235445_r01,lstm_ensemble,agree_only,0.15,0.5629585898625284,"KDC,SAB,SBT,VNM",4,997,1165,0.021012648466806727,0.05048465575862915,-0.005471218286397406,0.013421679298352696,0.020494863727881008,0.040536914863681606,0.014837405737489463,0.016258474142523488
mini_tpdouong_g06_uncertainty_sidecar,lstm_best_by_val,confirm_vn100_fnb_committee_20260408_235445_r01,lstm_best_by_val,agree_only,0.9,0.5485367293581851,"KDC,SAB,SBT,VNM",4,997,1165,0.021012648466806727,0.05048465575862915,-0.01014920571426181,-0.008707676792512054,0.020343676106554187,0.04862429759920983,0.014839695906266576,0.01612143030506559
mini_tpdouong_g06_uncertainty_sidecar,lstm_best_by_val,confirm_vn100_fnb_committee_20260408_235445_r01,lstm_best_by_val,agree_only,0.55,0.5485367293581851,"KDC,SAB,SBT,VNM",4,997,1165,0.021012648466806727,0.05048465575862915,-0.01014920571426181,-0.008707676792512054,0.02020632734320771,0.0487017128748819,0.014841776445973667,0.016120118473190816
mini_tpdouong_g06_uncertainty_sidecar,lstm_best_by_val,confirm_vn100_fnb_committee_20260408_235445_r01,lstm_best_by_val,agree_only,0.05,0.5485367293581851,"KDC,SAB,SBT,VNM",4,997,1165,0.021012648466806727,0.05048465575862915,-0.01014920571426181,-0.008707676792512054,0.020113027064591393,0.04013154187813295,0.014843189745442947,0.01626534334500321
mini_tpdouong_g06_uncertainty_sidecar,lstm_ensemble,confirm_vn100_fnb_committee_20260408_235445_r01,lstm_signmag_best_by_val,agree_only,0.9,0.713418233954626,"KDC,SAB,SBT,VNM",4,997,1165,0.015540603678114162,0.016673043932241338,0.012274681756143657,0.017204385786431353,0.02004116983012083,0.022174012916985508,0.014844278228702027,0.016569640638772413
mini_tpdouong_g06_uncertainty_sidecar,lstm_best_by_val,confirm_vn100_fnb_committee_20260408_235445_r01,lstm_ensemble,agree_only,0.65,0.5629585898625284,"KDC,SAB,SBT,VNM",4,997,1165,0.021012648466806727,0.05048465575862915,-0.005471218286397406,0.013421679298352696,0.01998064605700567,0.045885330196748675,0.014845195034286008,0.0161678431701148
mini_tpdouong_g06_uncertainty_sidecar,lstm_best_by_val,confirm_vn100_fnb_committee_20260408_235445_r01,lstm_best_by_val,avg,0.9,0.5485367293581851,"KDC,SAB,SBT,VNM",4,997,1165,0.021012648466806727,0.05048465575862915,-0.01014920571426181,-0.008707676792512054,0.01981678389545538,0.04421056134426382,0.014847677195211878,0.016196222777944067
mini_tpdouong_g06_uncertainty_sidecar,lstm_best_by_val,confirm_vn100_fnb_committee_20260408_235445_r01,lstm_ensemble,agree_only,0.95,0.5629585898625284,"KDC,SAB,SBT,VNM",4,997,1165,0.021012648466806727,0.05048465575862915,-0.005471218286397406,0.013421679298352696,0.019485002328451184,0.04954965876987305,0.014852702975622379,0.01610574970109156
mini_tpdouong_g06_uncertainty_sidecar,lstm_best_by_val,confirm_vn100_fnb_committee_20260408_235445_r01,lstm_signmag_best_by_val,avg,0.7,0.6602007253099434,"KDC,SAB,SBT,VNM",4,997,1165,0.021012648466806727,0.05048465575862915,0.012274681756143657,0.017204385786431353,0.019454954092280596,0.031065900888430198,0.014853158142068423,0.01641896414803342
mini_tpdouong_g06_uncertainty_sidecar,lstm_best_by_val,confirm_vn100_fnb_committee_20260408_235445_r01,lstm_signmag_best_by_val,agree_only,0.65,0.6602007253099434,"KDC,SAB,SBT,VNM",4,997,1165,0.021012648466806727,0.05048465575862915,0.012274681756143657,0.017204385786431353,0.019413948396379554,0.05226255896017684,0.014853779290569948,0.016059778555063534
mini_tpdouong_g06_uncertainty_sidecar,lstm_best_by_val,confirm_vn100_fnb_committee_20260408_235445_r01,lstm_best_by_val,agree_only,0.6,0.5485367293581851,"KDC,SAB,SBT,VNM",4,997,1165,0.021012648466806727,0.05048465575862915,-0.01014920571426181,-0.008707676792512054,0.019332081679705015,0.04885098385451192,0.01485501939605456,0.01611758901854046
mini_tpdouong_g06_uncertainty_sidecar,lstm_best_by_val,confirm_vn100_fnb_committee_20260408_235445_r01,lstm_best_by_val,agree_only,0.65,0.5485367293581851,"KDC,SAB,SBT,VNM",4,997,1165,0.021012648466806727,0.05048465575862915,-0.01014920571426181,-0.008707676792512054,0.0188338328382035,0.04527754809588391,0.014862566799274647,0.01617814227356576
mini_tpdouong_g06_uncertainty_sidecar,lstm_best_by_val,confirm_vn100_fnb_committee_20260408_235445_r01,lstm_best_by_val,agree_only,0.0,0.5485367293581851,"KDC,SAB,SBT,VNM",4,997,1165,0.021012648466806727,0.05048465575862915,-0.01014920571426181,-0.008707676792512054,0.018821821344279566,0.03692932269028981,0.014862748747691518,0.01631960619124585
mini_tpdouong_g06_uncertainty_sidecar,lstm_best_by_val,confirm_vn100_fnb_committee_20260408_235445_r01,lstm_ensemble,agree_only,0.5,0.5629585898625284,"KDC,SAB,SBT,VNM",4,997,1165,0.021012648466806727,0.05048465575862915,-0.005471218286397406,0.013421679298352696,0.018779733370834162,0.04495774820303766,0.014863386290380733,0.016183561406796804
mini_tpdouong_g06_uncertainty_sidecar,lstm_best_by_val,confirm_vn100_fnb_committee_20260408_235445_r01,lstm_best_by_val,agree_only,0.95,0.5485367293581851,"KDC,SAB,SBT,VNM",4,997,1165,0.021012648466806727,0.05048465575862915,-0.01014920571426181,-0.008707676792512054,0.018722446055244757,0.049445286699044466,0.014864254070562312,0.016107518326316496
mini_tpdouong_g06_uncertainty_sidecar,lstm_ensemble,confirm_vn100_fnb_committee_20260408_235445_r01,lstm_signmag_best_by_val,avg,0.95,0.713418233954626,"KDC,SAB,SBT,VNM",4,997,1165,0.015540603678114162,0.016673043932241338,0.012274681756143657,0.017204385786431353,0.01870468290845717,0.019440555793774017,0.014864523144206035,0.016615960130002362
mini_tpdouong_g06_uncertainty_sidecar,lstm_best_by_val,confirm_vn100_fnb_committee_20260408_235445_r01,lstm_signmag_best_by_val,agree_only,0.3,0.6602007253099434,"KDC,SAB,SBT,VNM",4,997,1165,0.021012648466806727,0.05048465575862915,0.012274681756143657,0.017204385786431353,0.01851550048620698,0.05112079055885521,0.014867388852871954,0.01607912626350299
mini_tpdouong_g06_uncertainty_sidecar,lstm_best_by_val,confirm_vn100_fnb_committee_20260408_235445_r01,lstm_best_by_val,avg,0.45,0.5485367293581851,"KDC,SAB,SBT,VNM",4,997,1165,0.021012648466806727,0.05048465575862915,-0.01014920571426181,-0.008707676792512054,0.01844484178093242,0.025184152251250813,0.014868459180979711,0.016518632660154256
mini_tpdouong_g06_uncertainty_sidecar,lstm_best_by_val,confirm_vn100_fnb_committee_20260408_235445_r01,lstm_signmag_best_by_val,avg,0.15,0.6602007253099434,"KDC,SAB,SBT,VNM",4,997,1165,0.021012648466806727,0.05048465575862915,0.012274681756143657,0.017204385786431353,0.018173967373729227,0.018054065591099677,0.014872562348318753,0.01663945474429056
mini_tpdouong_g06_uncertainty_sidecar,lstm_best_by_val,confirm_vn100_fnb_committee_20260408_235445_r01,lstm_ensemble,agree_only,0.6,0.5629585898625284,"KDC,SAB,SBT,VNM",4,997,1165,0.021012648466806727,0.05048465575862915,-0.005471218286397406,0.013421679298352696,0.0181731203613813,0.04576199684333648,0.014872575178742409,0.01616993310162798
mini_tpdouong_g06_uncertainty_sidecar,lstm_best_by_val,confirm_vn100_fnb_committee_20260408_235445_r01,lstm_best_by_val,avg,0.95,0.5485367293581851,"KDC,SAB,SBT,VNM",4,997,1165,0.021012648466806727,0.05048465575862915,-0.01014920571426181,-0.008707676792512054,0.01816348707293436,0.04798919622323472,0.014872721102437937,0.016132192344230134
mini_tpdouong_g06_uncertainty_sidecar,lstm_ensemble,confirm_vn100_fnb_committee_20260408_235445_r01,lstm_signmag_best_by_val,agree_only,0.85,0.713418233954626,"KDC,SAB,SBT,VNM",4,997,1165,0.015540603678114162,0.016673043932241338,0.012274681756143657,0.017204385786431353,0.018113366267627606,0.022989220972516655,0.014873480325331914,0.016555826622061447
mini_tpdouong_g06_uncertainty_sidecar,lstm_ensemble,confirm_vn100_fnb_committee_20260408_235445_r01,lstm_signmag_best_by_val,agree_only,0.95,0.713418233954626,"KDC,SAB,SBT,VNM",4,997,1165,0.015540603678114162,0.016673043932241338,0.012274681756143657,0.017204385786431353,0.017973846800978577,0.01960610290479259,0.014875593746546659,0.0166131548699923
mini_tpdouong_g06_uncertainty_sidecar,lstm_best_by_val,confirm_vn100_fnb_committee_20260408_235445_r01,lstm_ensemble,agree_only,0.1,0.5629585898625284,"KDC,SAB,SBT,VNM",4,997,1165,0.021012648466806727,0.05048465575862915,-0.005471218286397406,0.013421679298352696,0.017907004202389443,0.038822327146021185,0.014876606268808247,0.016287528496468445
mini_tpdouong_g06_uncertainty_sidecar,lstm_best_by_val,confirm_vn100_fnb_committee_20260408_235445_r01,lstm_signmag_best_by_val,agree_only,0.35,0.6602007253099434,"KDC,SAB,SBT,VNM",4,997,1165,0.021012648466806727,0.05048465575862915,0.012274681756143657,0.017204385786431353,0.017618935850398643,0.050516251970867176,0.014880969887599349,0.016089370404370133
mini_tpdouong_g06_uncertainty_sidecar,lstm_best_by_val,confirm_vn100_fnb_committee_20260408_235445_r01,lstm_ensemble,agree_only,0.55,0.5629585898625284,"KDC,SAB,SBT,VNM",4,997,1165,0.021012648466806727,0.05048465575862915,-0.005471218286397406,0.013421679298352696,0.01735112970147512,0.04512116560478063,0.014885026577394458,0.016180792235536506
mini_tpdouong_g06_uncertainty_sidecar,lstm_ensemble,confirm_vn100_fnb_committee_20260408_235445_r01,lstm_ensemble,agree_only,0.95,0.6190436029349751,"KDC,SAB,SBT,VNM",4,997,1165,0.015540603678114162,0.016673043932241338,-0.005471218286397406,0.013421679298352696,0.017323397035865606,0.017161215892409598,0.014885446667904036,0.016654584428761172
mini_tpdouong_g06_uncertainty_sidecar,lstm_ensemble,confirm_vn100_fnb_committee_20260408_235445_r01,lstm_signmag_best_by_val,avg,0.25,0.713418233954626,"KDC,SAB,SBT,VNM",4,997,1165,0.015540603678114162,0.016673043932241338,0.012274681756143657,0.017204385786431353,0.017046625448086217,0.017424712669723563,0.014889639164903205,0.016650119373662165
mini_tpdouong_g06_uncertainty_sidecar,lstm_ensemble,confirm_vn100_fnb_committee_20260408_235445_r01,lstm_signmag_best_by_val,avg,0.2,0.713418233954626,"KDC,SAB,SBT,VNM",4,997,1165,0.015540603678114162,0.016673043932241338,0.012274681756143657,0.017204385786431353,0.01703113992586036,0.01681637001735492,0.014889873737411111,0.016660427975875792
mini_tpdouong_g06_uncertainty_sidecar,lstm_ensemble,confirm_vn100_fnb_committee_20260408_235445_r01,lstm_best_by_val,agree_only,0.95,0.6235135363076664,"KDC,SAB,SBT,VNM",4,997,1165,0.015540603678114162,0.016673043932241338,-0.01014920571426181,-0.008707676792512054,0.0170063175743127,0.018290791021125297,0.014890249742893505,0.016635443340055657
mini_tpdouong_g06_uncertainty_sidecar,lstm_best_by_val,confirm_vn100_fnb_committee_20260408_235445_r01,lstm_ensemble,agree_only,0.05,0.5629585898625284,"KDC,SAB,SBT,VNM",4,997,1165,0.021012648466806727,0.05048465575862915,-0.005471218286397406,0.013421679298352696,0.017004508847025868,0.036199256976585326,0.014890277141239496,0.016331977437948814
mini_tpdouong_g06_uncertainty_sidecar,lstm_best_by_val,confirm_vn100_fnb_committee_20260408_235445_r01,lstm_signmag_best_by_val,avg,0.2,0.6602007253099434,"KDC,SAB,SBT,VNM",4,997,1165,0.021012648466806727,0.05048465575862915,0.012274681756143657,0.017204385786431353,0.01690889290178299,0.01807181362639876,0.014891725518100429,0.016639153996948156
mini_tpdouong_g06_uncertainty_sidecar,lstm_ensemble,confirm_vn100_fnb_committee_20260408_235445_r01,lstm_ensemble,agree_only,0.85,0.6190436029349751,"KDC,SAB,SBT,VNM",4,997,1165,0.015540603678114162,0.016673043932241338,-0.005471218286397406,0.013421679298352696,0.01612611755906279,0.017742535840271967,0.014903582888655365,0.016644733736757206
mini_tpdouong_g06_uncertainty_sidecar,lstm_best_by_val,confirm_vn100_fnb_committee_20260408_235445_r01,lstm_signmag_best_by_val,avg,0.25,0.6602007253099434,"KDC,SAB,SBT,VNM",4,997,1165,0.021012648466806727,0.05048465575862915,0.012274681756143657,0.017204385786431353,0.016040476608393806,0.016557244768894086,0.014904880165704525,0.016664818953722717
mini_tpdouong_g06_uncertainty_sidecar,lstm_best_by_val,confirm_vn100_fnb_committee_20260408_235445_r01,lstm_signmag_best_by_val,agree_only,0.6,0.6602007253099434,"KDC,SAB,SBT,VNM",4,997,1165,0.021012648466806727,0.05048465575862915,0.012274681756143657,0.017204385786431353,0.016029258618155517,0.05294158928260384,0.014905050094239416,0.01604827212286182
mini_tpdouong_g06_uncertainty_sidecar,lstm_best_by_val,confirm_vn100_fnb_committee_20260408_235445_r01,lstm_signmag_best_by_val,avg,0.35,0.6602007253099434,"KDC,SAB,SBT,VNM",4,997,1165,0.021012648466806727,0.05048465575862915,0.012274681756143657,0.017204385786431353,0.015934828221215613,0.017304550994437506,0.014906480512581767,0.016652155559859244
mini_tpdouong_g06_uncertainty_sidecar,lstm_ensemble,confirm_vn100_fnb_committee_20260408_235445_r01,lstm_signmag_best_by_val,avg,0.1,0.713418233954626,"KDC,SAB,SBT,VNM",4,997,1165,0.015540603678114162,0.016673043932241338,0.012274681756143657,0.017204385786431353,0.015820230918502598,0.016643076861724615,0.014908216416370128,0.016663364495616406
mini_tpdouong_g06_uncertainty_sidecar,lstm_ensemble,confirm_vn100_fnb_committee_20260408_235445_r01,lstm_best_by_val,avg,1.0,0.6235135363076664,"KDC,SAB,SBT,VNM",4,997,1165,0.015540603678114162,0.016673043932241338,-0.01014920571426181,-0.008707676792512054,0.015540603678114162,0.016673043932241338,0.0149124521703925,0.01666285669198261
mini_tpdouong_g06_uncertainty_sidecar,lstm_ensemble,confirm_vn100_fnb_committee_20260408_235445_r01,lstm_best_by_val,agree_only,1.0,0.6235135363076664,"KDC,SAB,SBT,VNM",4,997,1165,0.015540603678114162,0.016673043932241338,-0.01014920571426181,-0.008707676792512054,0.015540603678114162,0.016673043932241338,0.0149124521703925,0.01666285669198261
mini_tpdouong_g06_uncertainty_sidecar,lstm_ensemble,confirm_vn100_fnb_committee_20260408_235445_r01,lstm_signmag_best_by_val,avg,1.0,0.713418233954626,"KDC,SAB,SBT,VNM",4,997,1165,0.015540603678114162,0.016673043932241338,0.012274681756143657,0.017204385786431353,0.015540603678114162,0.016673043932241338,0.0149124521703925,0.01666285669198261
mini_tpdouong_g06_uncertainty_sidecar,lstm_ensemble,confirm_vn100_fnb_committee_20260408_235445_r01,lstm_signmag_best_by_val,agree_only,1.0,0.713418233954626,"KDC,SAB,SBT,VNM",4,997,1165,0.015540603678114162,0.016673043932241338,0.012274681756143657,0.017204385786431353,0.015540603678114162,0.016673043932241338,0.0149124521703925,0.01666285669198261
mini_tpdouong_g06_uncertainty_sidecar,lstm_ensemble,confirm_vn100_fnb_committee_20260408_235445_r01,lstm_ensemble,avg,1.0,0.6190436029349751,"KDC,SAB,SBT,VNM",4,997,1165,0.015540603678114162,0.016673043932241338,-0.005471218286397406,0.013421679298352696,0.015540603678114162,0.016673043932241338,0.0149124521703925,0.01666285669198261
mini_tpdouong_g06_uncertainty_sidecar,lstm_ensemble,confirm_vn100_fnb_committee_20260408_235445_r01,lstm_ensemble,agree_only,1.0,0.6190436029349751,"KDC,SAB,SBT,VNM",4,997,1165,0.015540603678114162,0.016673043932241338,-0.005471218286397406,0.013421679298352696,0.015540603678114162,0.016673043932241338,0.0149124521703925,0.01666285669198261
mini_tpdouong_g06_uncertainty_sidecar,lstm_best_by_val,confirm_vn100_fnb_committee_20260408_235445_r01,lstm_signmag_best_by_val,agree_only,0.45,0.6602007253099434,"KDC,SAB,SBT,VNM",4,997,1165,0.021012648466806727,0.05048465575862915,0.012274681756143657,0.017204385786431353,0.015512461387841792,0.0513172236068935,0.014912878465838731,0.016075797629309822
mini_tpdouong_g06_uncertainty_sidecar,lstm_ensemble,confirm_vn100_fnb_committee_20260408_235445_r01,lstm_best_by_val,agree_only,0.9,0.6235135363076664,"KDC,SAB,SBT,VNM",4,997,1165,0.015540603678114162,0.016673043932241338,-0.01014920571426181,-0.008707676792512054,0.015500185328645721,0.01782520153631184,0.014913064421853053,0.01664333293447272
mini_tpdouong_g06_uncertainty_sidecar,lstm_best_by_val,confirm_vn100_fnb_committee_20260408_235445_r01,lstm_signmag_best_by_val,avg,0.1,0.6602007253099434,"KDC,SAB,SBT,VNM",4,997,1165,0.021012648466806727,0.05048465575862915,0.012274681756143657,0.017204385786431353,0.015482994734154265,0.015012283586019692,0.014913324822555299,0.016690998920239508
mini_tpdouong_g06_uncertainty_sidecar,lstm_best_by_val,confirm_vn100_fnb_committee_20260408_235445_r01,lstm_signmag_best_by_val,agree_only,0.55,0.6602007253099434,"KDC,SAB,SBT,VNM",4,997,1165,0.021012648466806727,0.05048465575862915,0.012274681756143657,0.017204385786431353,0.015446852082268703,0.05392192091180881,0.014913872306351552,0.01603166002314538
mini_tpdouong_g06_uncertainty_sidecar,lstm_best_by_val,confirm_vn100_fnb_committee_20260408_235445_r01,lstm_best_by_val,avg,0.5,0.5485367293581851,"KDC,SAB,SBT,VNM",4,997,1165,0.021012648466806727,0.05048465575862915,-0.01014920571426181,-0.008707676792512054,0.015414924510431804,0.030102864559553244,0.014914355940709365,0.01643528317217715
mini_tpdouong_g06_uncertainty_sidecar,lstm_ensemble,confirm_vn100_fnb_committee_20260408_235445_r01,lstm_ensemble,agree_only,0.9,0.6190436029349751,"KDC,SAB,SBT,VNM",4,997,1165,0.015540603678114162,0.016673043932241338,-0.005471218286397406,0.013421679298352696,0.015309923510825274,0.016157765582014316,0.014915946481050924,0.016671588283497858
mini_tpdouong_g06_uncertainty_sidecar,lstm_best_by_val,confirm_vn100_fnb_committee_20260408_235445_r01,lstm_signmag_best_by_val,agree_only,0.4,0.6602007253099434,"KDC,SAB,SBT,VNM",4,997,1165,0.021012648466806727,0.05048465575862915,0.012274681756143657,0.017204385786431353,0.015117594356526265,0.0513172236068935,0.014918859855970369,0.016075797629309822
mini_tpdouong_g06_uncertainty_sidecar,lstm_best_by_val,confirm_vn100_fnb_committee_20260408_235445_r01,lstm_signmag_best_by_val,avg,0.05,0.6602007253099434,"KDC,SAB,SBT,VNM",4,997,1165,0.021012648466806727,0.05048465575862915,0.012274681756143657,0.017204385786431353,0.015083840249200953,0.015546951565195588,0.0149193711584303,0.016681938763940706
mini_tpdouong_g06_uncertainty_sidecar,lstm_best_by_val,confirm_vn100_fnb_committee_20260408_235445_r01,lstm_signmag_best_by_val,avg,0.65,0.6602007253099434,"KDC,SAB,SBT,VNM",4,997,1165,0.021012648466806727,0.05048465575862915,0.012274681756143657,0.017204385786431353,0.01505317405762574,0.02632903827214994,0.01491983568557771,0.01649923212244177
mini_tpdouong_g06_uncertainty_sidecar,lstm_best_by_val,confirm_vn100_fnb_committee_20260408_235445_r01,lstm_best_by_val,avg,0.4,0.5485367293581851,"KDC,SAB,SBT,VNM",4,997,1165,0.021012648466806727,0.05048465575862915,-0.01014920571426181,-0.008707676792512054,0.014827510267410693,0.019784822611182973,0.014923254008863306,0.01661012639524416
mini_tpdouong_g06_uncertainty_sidecar,lstm_ensemble,confirm_vn100_fnb_committee_20260408_235445_r01,lstm_best_by_val,agree_only,0.85,0.6235135363076664,"KDC,SAB,SBT,VNM",4,997,1165,0.015540603678114162,0.016673043932241338,-0.01014920571426181,-0.008707676792512054,0.014793333014159193,0.01513291718942289,0.014923771721078085,0.01668895473703743
mini_tpdouong_g06_uncertainty_sidecar,lstm_best_by_val,confirm_vn100_fnb_committee_20260408_235445_r01,lstm_signmag_best_by_val,avg,0.3,0.6602007253099434,"KDC,SAB,SBT,VNM",4,997,1165,0.021012648466806727,0.05048465575862915,0.012274681756143657,0.017204385786431353,0.014773835110767353,0.018524926793373586,0.014924067072570324,0.01663147581857629
mini_tpdouong_g06_uncertainty_sidecar,lstm_ensemble,confirm_vn100_fnb_committee_20260408_235445_r01,lstm_signmag_best_by_val,avg,0.15,0.713418233954626,"KDC,SAB,SBT,VNM",4,997,1165,0.015540603678114162,0.016673043932241338,0.012274681756143657,0.017204385786431353,0.014619391242355784,0.016208026785327623,0.014926406566519291,0.01667073658791196
mini_tpdouong_g06_uncertainty_sidecar,lstm_best_by_val,confirm_vn100_fnb_committee_20260408_235445_r01,lstm_signmag_best_by_val,avg,0.45,0.6602007253099434,"KDC,SAB,SBT,VNM",4,997,1165,0.021012648466806727,0.05048465575862915,0.012274681756143657,0.017204385786431353,0.014196181911727668,0.012241777421945432,0.01493281728180591,0.01673794622183778
mini_tpdouong_g06_uncertainty_sidecar,lstm_best_by_val,confirm_vn100_fnb_committee_20260408_235445_r01,lstm_signmag_best_by_val,avg,0.55,0.6602007253099434,"KDC,SAB,SBT,VNM",4,997,1165,0.021012648466806727,0.05048465575862915,0.012274681756143657,0.017204385786431353,0.014076349982402037,0.015918180502033752,0.014934632478980348,0.016675648145610473
mini_tpdouong_g06_uncertainty_sidecar,lstm_best_by_val,confirm_vn100_fnb_committee_20260408_235445_r01,lstm_signmag_best_by_val,avg,0.6,0.6602007253099434,"KDC,SAB,SBT,VNM",4,997,1165,0.021012648466806727,0.05048465575862915,0.012274681756143657,0.017204385786431353,0.013981337330517984,0.020485348913732326,0.01493607171723852,0.016598255705321224
mini_tpdouong_g06_uncertainty_sidecar,lstm_best_by_val,confirm_vn100_fnb_committee_20260408_235445_r01,lstm_signmag_best_by_val,avg,0.4,0.6602007253099434,"KDC,SAB,SBT,VNM",4,997,1165,0.021012648466806727,0.05048465575862915,0.012274681756143657,0.017204385786431353,0.013963974297877102,0.014685559733516929,0.014936334730009548,0.016696535382652658
mini_tpdouong_g06_uncertainty_sidecar,lstm_best_by_val,confirm_vn100_fnb_committee_20260408_235445_r01,lstm_ensemble,avg,0.8,0.5629585898625284,"KDC,SAB,SBT,VNM",4,997,1165,0.021012648466806727,0.05048465575862915,-0.005471218286397406,0.013421679298352696,0.013709544161805587,0.04003376314677087,0.0149401888018474,0.016267000243533405
mini_tpdouong_g06_uncertainty_sidecar,lstm_ensemble,confirm_vn100_fnb_committee_20260408_235445_r01,lstm_signmag_best_by_val,avg,0.9,0.713418233954626,"KDC,SAB,SBT,VNM",4,997,1165,0.015540603678114162,0.016673043932241338,0.012274681756143657,0.017204385786431353,0.01370646275451548,0.021891577399374973,0.014940235478570688,0.01657442661817187
mini_tpdouong_g06_uncertainty_sidecar,lstm_best_by_val,confirm_vn100_fnb_committee_20260408_235445_r01,lstm_signmag_best_by_val,agree_only,0.5,0.6602007253099434,"KDC,SAB,SBT,VNM",4,997,1165,0.021012648466806727,0.05048465575862915,0.012274681756143657,0.017204385786431353,0.013660917564286335,0.052658035667623504,0.014940925390692429,0.016053077048854905
mini_tpdouong_g06_uncertainty_sidecar,lstm_ensemble,confirm_vn100_fnb_committee_20260408_235445_r01,lstm_signmag_best_by_val,agree_only,0.8,0.713418233954626,"KDC,SAB,SBT,VNM",4,997,1165,0.015540603678114162,0.016673043932241338,0.012274681756143657,0.017204385786431353,0.013485549022902221,0.02318238148180174,0.014943581848638133,0.01655255344230683
mini_tpdouong_g06_uncertainty_sidecar,lstm_ensemble,confirm_vn100_fnb_committee_20260408_235445_r01,lstm_signmag_best_by_val,avg,0.05,0.713418233954626,"KDC,SAB,SBT,VNM",4,997,1165,0.015540603678114162,0.016673043932241338,0.012274681756143657,0.017204385786431353,0.013281271970253083,0.015067837202757284,0.014946676208637662,0.01669005754265527
mini_tpdouong_g06_uncertainty_sidecar,lstm_ensemble,confirm_vn100_fnb_committee_20260408_235445_r01,lstm_best_by_val,avg,0.85,0.6235135363076664,"KDC,SAB,SBT,VNM",4,997,1165,0.015540603678114162,0.016673043932241338,-0.01014920571426181,-0.008707676792512054,0.013189053200655665,0.01601341113929844,0.01494807312556077,0.016674034425523135
mini_tpdouong_g06_uncertainty_sidecar,lstm_ensemble,confirm_vn100_fnb_committee_20260408_235445_r01,lstm_ensemble,agree_only,0.8,0.6190436029349751,"KDC,SAB,SBT,VNM",4,997,1165,0.015540603678114162,0.016673043932241338,-0.005471218286397406,0.013421679298352696,0.01311092382870005,0.01878962870274692,0.014949256618274377,0.01662699034204708
mini_tpdouong_g06_uncertainty_sidecar,lstm_ensemble,confirm_vn100_fnb_committee_20260408_235445_r01,lstm_best_by_val,avg,0.95,0.6235135363076664,"KDC,SAB,SBT,VNM",4,997,1165,0.015540603678114162,0.016673043932241338,-0.01014920571426181,-0.008707676792512054,0.01237071015999136,0.017797369842844635,0.014960469270590694,0.016643804553314122
mini_tpdouong_g06_uncertainty_sidecar,lstm_best_by_val,confirm_vn100_fnb_committee_20260408_235445_r01,lstm_signmag_best_by_val,avg,0.5,0.6602007253099434,"KDC,SAB,SBT,VNM",4,997,1165,0.021012648466806727,0.05048465575862915,0.012274681756143657,0.017204385786431353,0.012317526584164296,0.012914255882712,0.0149612748879008,0.016726550813473295
mini_tpdouong_g06_uncertainty_sidecar,lstm_ensemble,confirm_vn100_fnb_committee_20260408_235445_r01,lstm_ensemble,agree_only,0.75,0.6190436029349751,"KDC,SAB,SBT,VNM",4,997,1165,0.015540603678114162,0.016673043932241338,-0.005471218286397406,0.013421679298352696,0.012308584777500187,0.018933827882787635,0.014961410337127749,0.016624546831008058
mini_tpdouong_g06_uncertainty_sidecar,lstm_best_by_val,confirm_vn100_fnb_committee_20260408_235445_r01,lstm_signmag_best_by_val,avg,0.0,0.6602007253099434,"KDC,SAB,SBT,VNM",4,997,1165,0.021012648466806727,0.05048465575862915,0.012274681756143657,0.017204385786431353,0.012274681756143657,0.017204385786431353,0.014961923895316436,0.01665385289816186
mini_tpdouong_g06_uncertainty_sidecar,lstm_ensemble,confirm_vn100_fnb_committee_20260408_235445_r01,lstm_signmag_best_by_val,avg,0.0,0.713418233954626,"KDC,SAB,SBT,VNM",4,997,1165,0.015540603678114162,0.016673043932241338,0.012274681756143657,0.017204385786431353,0.012274681756143657,0.017204385786431353,0.014961923895316436,0.01665385289816186
mini_tpdouong_g06_uncertainty_sidecar,lstm_ensemble,confirm_vn100_fnb_committee_20260408_235445_r01,lstm_signmag_best_by_val,avg,0.3,0.713418233954626,"KDC,SAB,SBT,VNM",4,997,1165,0.015540603678114162,0.016673043932241338,0.012274681756143657,0.017204385786431353,0.012260456761594485,0.017617984258804897,0.014962139373528775,0.016646844311617316
mini_tpdouong_g06_uncertainty_sidecar,lstm_ensemble,confirm_vn100_fnb_committee_20260408_235445_r01,lstm_ensemble,agree_only,0.7,0.6190436029349751,"KDC,SAB,SBT,VNM",4,997,1165,0.015540603678114162,0.016673043932241338,-0.005471218286397406,0.013421679298352696,0.012134291404789943,0.019363026132103944,0.014964050508569932,0.016617273900192242
mini_tpdouong_g06_uncertainty_sidecar,lstm_ensemble,confirm_vn100_fnb_committee_20260408_235445_r01,lstm_ensemble,avg,0.95,0.6190436029349751,"KDC,SAB,SBT,VNM",4,997,1165,0.015540603678114162,0.016673043932241338,-0.005471218286397406,0.013421679298352696,0.011917691412824838,0.015164945526542795,0.014967331534717233,0.016688412004441502
mini_tpdouong_g06_uncertainty_sidecar,lstm_ensemble,confirm_vn100_fnb_committee_20260408_235445_r01,lstm_signmag_best_by_val,agree_only,0.7,0.713418233954626,"KDC,SAB,SBT,VNM",4,997,1165,0.015540603678114162,0.016673043932241338,0.012274681756143657,0.017204385786431353,0.011677289384401601,0.0212602508472155,0.01497097311075777,0.01658512469148265
mini_tpdouong_g06_uncertainty_sidecar,lstm_best_by_val,confirm_vn100_fnb_committee_20260408_235445_r01,lstm_ensemble,agree_only,0.0,0.5629585898625284,"KDC,SAB,SBT,VNM",4,997,1165,0.021012648466806727,0.05048465575862915,-0.005471218286397406,0.013421679298352696,0.011517591484081269,0.03436128352153456,0.014973392192041503,0.016363122611073783
mini_tpdouong_g06_uncertainty_sidecar,lstm_ensemble,confirm_vn100_fnb_committee_20260408_235445_r01,lstm_ensemble,avg,0.9,0.6190436029349751,"KDC,SAB,SBT,VNM",4,997,1165,0.015540603678114162,0.016673043932241338,-0.005471218286397406,0.013421679298352696,0.011338388667564314,0.015051227724635519,0.014976106731046457,0.016690338996704673
mini_tpdouong_g06_uncertainty_sidecar,lstm_ensemble,confirm_vn100_fnb_committee_20260408_235445_r01,lstm_ensemble,agree_only,0.65,0.6190436029349751,"KDC,SAB,SBT,VNM",4,997,1165,0.015540603678114162,0.016673043932241338,-0.005471218286397406,0.013421679298352696,0.011208948667069674,0.021638136843048827,0.014978067469928653,0.016578721266705544
mini_tpdouong_g06_uncertainty_sidecar,lstm_ensemble,confirm_vn100_fnb_committee_20260408_235445_r01,lstm_signmag_best_by_val,agree_only,0.65,0.713418233954626,"KDC,SAB,SBT,VNM",4,997,1165,0.015540603678114162,0.016673043932241338,0.012274681756143657,0.017204385786431353,0.0105662900802439,0.021378789091493378,0.014987802371615545,0.016583116014953714
mini_tpdouong_g06_uncertainty_sidecar,lstm_ensemble,confirm_vn100_fnb_committee_20260408_235445_r01,lstm_signmag_best_by_val,avg,0.85,0.713418233954626,"KDC,SAB,SBT,VNM",4,997,1165,0.015540603678114162,0.016673043932241338,0.012274681756143657,0.017204385786431353,0.010387835520410338,0.02210921505239216,0.01499050557613373,0.016570738663722308
mini_tpdouong_g06_uncertainty_sidecar,lstm_ensemble,confirm_vn100_fnb_committee_20260408_235445_r01,lstm_signmag_best_by_val,agree_only,0.75,0.713418233954626,"KDC,SAB,SBT,VNM",4,997,1165,0.015540603678114162,0.016673043932241338,0.012274681756143657,0.017204385786431353,0.010276296953453778,0.02290204235382176,0.014992195146624,0.016557303897570833
mini_tpdouong_g06_uncertainty_sidecar,lstm_ensemble,confirm_vn100_fnb_committee_20260408_235445_r01,lstm_best_by_val,avg,0.8,0.6235135363076664,"KDC,SAB,SBT,VNM",4,997,1165,0.015540603678114162,0.016673043932241338,-0.01014920571426181,-0.008707676792512054,0.010098961656506478,0.014672607322604225,0.01499488139670575,0.016696754866279667
mini_tpdouong_g06_uncertainty_sidecar,lstm_ensemble,confirm_vn100_fnb_committee_20260408_235445_r01,lstm_ensemble,avg,0.8,0.6190436029349751,"KDC,SAB,SBT,VNM",4,997,1165,0.015540603678114162,0.016673043932241338,-0.005471218286397406,0.013421679298352696,0.01007279726543242,0.019614387302124836,0.014995277731213721,0.01661301448766608
mini_tpdouong_g06_uncertainty_sidecar,lstm_ensemble,confirm_vn100_fnb_committee_20260408_235445_r01,lstm_ensemble,agree_only,0.55,0.6190436029349751,"KDC,SAB,SBT,VNM",4,997,1165,0.015540603678114162,0.016673043932241338,-0.005471218286397406,0.013421679298352696,0.00998404027574451,0.023636269931653686,0.014996622209582717,0.01654486212646589
mini_tpdouong_g06_uncertainty_sidecar,lstm_ensemble,confirm_vn100_fnb_committee_20260408_235445_r01,lstm_best_by_val,agree_only,0.6,0.6235135363076664,"KDC,SAB,SBT,VNM",4,997,1165,0.015540603678114162,0.016673043932241338,-0.01014920571426181,-0.008707676792512054,0.009930746272255764,0.013120201603556092,0.014997429499635475,0.016723060983349573
mini_tpdouong_g06_uncertainty_sidecar,lstm_ensemble,confirm_vn100_fnb_committee_20260408_235445_r01,lstm_ensemble,avg,0.85,0.6190436029349751,"KDC,SAB,SBT,VNM",4,997,1165,0.015540603678114162,0.016673043932241338,-0.005471218286397406,0.013421679298352696,0.009835689526159652,0.01645100293354662,0.014998869405826554,0.016666619262832687
mini_tpdouong_g06_uncertainty_sidecar,lstm_best_by_val,confirm_vn100_fnb_committee_20260408_235445_r01,lstm_best_by_val,avg,0.8,0.5485367293581851,"KDC,SAB,SBT,VNM",4,997,1165,0.021012648466806727,0.05048465575862915,-0.01014920571426181,-0.008707676792512054,0.009694336355110078,0.029871472333754756,0.015001010603737088,0.016439204203197735
mini_tpdouong_g06_uncertainty_sidecar,lstm_ensemble,confirm_vn100_fnb_committee_20260408_235445_r01,lstm_signmag_best_by_val,avg,0.8,0.713418233954626,"KDC,SAB,SBT,VNM",4,997,1165,0.015540603678114162,0.016673043932241338,0.012274681756143657,0.017204385786431353,0.009556351251762019,0.021834295862768083,0.015003100782632828,0.016575397276028535
mini_tpdouong_g06_uncertainty_sidecar,lstm_best_by_val,confirm_vn100_fnb_committee_20260408_235445_r01,lstm_ensemble,avg,0.75,0.5629585898625284,"KDC,SAB,SBT,VNM",4,997,1165,0.021012648466806727,0.05048465575862915,-0.005471218286397406,0.013421679298352696,0.00949920260718573,0.034002024237828055,0.015003966462245447,0.016369210398988806
mini_tpdouong_g06_uncertainty_sidecar,lstm_ensemble,confirm_vn100_fnb_committee_20260408_235445_r01,lstm_signmag_best_by_val,agree_only,0.2,0.713418233954626,"KDC,SAB,SBT,VNM",4,997,1165,0.015540603678114162,0.016673043932241338,0.012274681756143657,0.017204385786431353,0.00948973743392667,0.018401070802435027,0.015004109839355807,0.016633574606385083
mini_tpdouong_g06_uncertainty_sidecar,lstm_ensemble,confirm_vn100_fnb_committee_20260408_235445_r01,lstm_ensemble,agree_only,0.6,0.6190436029349751,"KDC,SAB,SBT,VNM",4,997,1165,0.015540603678114162,0.016673043932241338,-0.005471218286397406,0.013421679298352696,0.00947706635207246,0.023671107853385664,0.015004301779117674,0.016544271784368906
mini_tpdouong_g06_uncertainty_sidecar,lstm_ensemble,confirm_vn100_fnb_committee_20260408_235445_r01,lstm_signmag_best_by_val,avg,0.65,0.713418233954626,"KDC,SAB,SBT,VNM",4,997,1165,0.015540603678114162,0.016673043932241338,0.012274681756143657,0.017204385786431353,0.00941139945503977,0.017971728969493284,0.015005296492017806,0.016640849970281126
mini_tpdouong_g06_uncertainty_sidecar,lstm_ensemble,confirm_vn100_fnb_committee_20260408_235445_r01,lstm_signmag_best_by_val,avg,0.75,0.713418233954626,"KDC,SAB,SBT,VNM",4,997,1165,0.015540603678114162,0.016673043932241338,0.012274681756143657,0.017204385786431353,0.008857727551280559,0.01995152895387553,0.01501368343597278,0.016607301491603728
mini_tpdouong_g06_uncertainty_sidecar,lstm_ensemble,confirm_vn100_fnb_committee_20260408_235445_r01,lstm_ensemble,agree_only,0.5,0.6190436029349751,"KDC,SAB,SBT,VNM",4,997,1165,0.015540603678114162,0.016673043932241338,-0.005471218286397406,0.013421679298352696,0.008840772462150093,0.02379715916238545,0.015013940269273014,0.016542135796044025
mini_tpdouong_g06_uncertainty_sidecar,lstm_ensemble,confirm_vn100_fnb_committee_20260408_235445_r01,lstm_best_by_val,agree_only,0.8,0.6235135363076664,"KDC,SAB,SBT,VNM",4,997,1165,0.015540603678114162,0.016673043932241338,-0.01014920571426181,-0.008707676792512054,0.00879698244251248,0.016540508345500582,0.015014603594318034,0.01666510255890899
mini_tpdouong_g06_uncertainty_sidecar,lstm_ensemble,confirm_vn100_fnb_committee_20260408_235445_r01,lstm_best_by_val,agree_only,0.75,0.6235135363076664,"KDC,SAB,SBT,VNM",4,997,1165,0.015540603678114162,0.016673043932241338,-0.01014920571426181,-0.008707676792512054,0.008727428866440956,0.020196576480522643,0.015015657182084398,0.016603149066213525
mini_tpdouong_g06_uncertainty_sidecar,lstm_best_by_val,confirm_vn100_fnb_committee_20260408_235445_r01,lstm_best_by_val,avg,0.55,0.5485367293581851,"KDC,SAB,SBT,VNM",4,997,1165,0.021012648466806727,0.05048465575862915,-0.01014920571426181,-0.008707676792512054,0.008701213440399314,0.024419803885982416,0.015016054289662864,0.016531584839685823
mini_tpdouong_g06_uncertainty_sidecar,lstm_best_by_val,confirm_vn100_fnb_committee_20260408_235445_r01,lstm_best_by_val,avg,0.85,0.5485367293581851,"KDC,SAB,SBT,VNM",4,997,1165,0.021012648466806727,0.05048465575862915,-0.01014920571426181,-0.008707676792512054,0.008668732649513622,0.03447464004574419,0.015016546304104851,0.016361201740801336
mini_tpdouong_g06_uncertainty_sidecar,lstm_ensemble,confirm_vn100_fnb_committee_20260408_235445_r01,lstm_signmag_best_by_val,avg,0.7,0.713418233954626,"KDC,SAB,SBT,VNM",4,997,1165,0.015540603678114162,0.016673043932241338,0.012274681756143657,0.017204385786431353,0.008602906043052472,0.019860442232784492,0.015017543436260893,0.016608844991424124
mini_tpdouong_g06_uncertainty_sidecar,lstm_best_by_val,confirm_vn100_fnb_committee_20260408_235445_r01,lstm_best_by_val,avg,0.35,0.5485367293581851,"KDC,SAB,SBT,VNM",4,997,1165,0.021012648466806727,0.05048465575862915,-0.01014920571426181,-0.008707676792512054,0.008222508613883628,0.017304196329142818,0.015023305642898785,0.016652161569800233
mini_tpdouong_g06_uncertainty_sidecar,lstm_ensemble,confirm_vn100_fnb_committee_20260408_235445_r01,lstm_signmag_best_by_val,agree_only,0.3,0.713418233954626,"KDC,SAB,SBT,VNM",4,997,1165,0.015540603678114162,0.016673043932241338,0.012274681756143657,0.017204385786431353,0.008189953035756203,0.018598887130997888,0.015023798790207368,0.016630222531966866
mini_tpdouong_g06_uncertainty_sidecar,lstm_ensemble,confirm_vn100_fnb_committee_20260408_235445_r01,lstm_signmag_best_by_val,avg,0.5,0.713418233954626,"KDC,SAB,SBT,VNM",4,997,1165,0.015540603678114162,0.016673043932241338,0.012274681756143657,0.017204385786431353,0.008151467002253998,0.020776913155352128,0.015024381771218035,0.016593315036152502
mini_tpdouong_g06_uncertainty_sidecar,lstm_ensemble,confirm_vn100_fnb_committee_20260408_235445_r01,lstm_signmag_best_by_val,agree_only,0.35,0.713418233954626,"KDC,SAB,SBT,VNM",4,997,1165,0.015540603678114162,0.016673043932241338,0.012274681756143657,0.017204385786431353,0.008116182170121444,0.01980116916037844,0.015024916260881585,0.0166098493966274
mini_tpdouong_g06_uncertainty_sidecar,lstm_ensemble,confirm_vn100_fnb_committee_20260408_235445_r01,lstm_signmag_best_by_val,avg,0.45,0.713418233954626,"KDC,SAB,SBT,VNM",4,997,1165,0.015540603678114162,0.016673043932241338,0.012274681756143657,0.017204385786431353,0.008071180568342884,0.01941954449426242,0.015025597938802097,0.01661631617462263
mini_tpdouong_g06_uncertainty_sidecar,lstm_ensemble,confirm_vn100_fnb_committee_20260408_235445_r01,lstm_signmag_best_by_val,agree_only,0.4,0.713418233954626,"KDC,SAB,SBT,VNM",4,997,1165,0.015540603678114162,0.016673043932241338,0.012274681756143657,0.017204385786431353,0.008042410920223397,0.02100344912874985,0.015026033737376567,0.016589476296212533
mini_tpdouong_g06_uncertainty_sidecar,lstm_ensemble,confirm_vn100_fnb_committee_20260408_235445_r01,lstm_best_by_val,avg,0.9,0.6235135363076664,"KDC,SAB,SBT,VNM",4,997,1165,0.015540603678114162,0.016673043932241338,-0.01014920571426181,-0.008707676792512054,0.008015548851121101,0.01833834794450362,0.01502644064021297,0.01663463746954222
mini_tpdouong_g06_uncertainty_sidecar,lstm_ensemble,confirm_vn100_fnb_committee_20260408_235445_r01,lstm_signmag_best_by_val,agree_only,0.6,0.713418233954626,"KDC,SAB,SBT,VNM",4,997,1165,0.015540603678114162,0.016673043932241338,0.012274681756143657,0.017204385786431353,0.008004157366009346,0.021497325961765013,0.015026613196823748,0.01658110736170785
mini_tpdouong_g06_uncertainty_sidecar,lstm_ensemble,confirm_vn100_fnb_committee_20260408_235445_r01,lstm_signmag_best_by_val,agree_only,0.55,0.713418233954626,"KDC,SAB,SBT,VNM",4,997,1165,0.015540603678114162,0.016673043932241338,0.012274681756143657,0.017204385786431353,0.00782109986037216,0.022145337412093347,0.015029386126116154,0.016570126556325716
mini_tpdouong_g06_uncertainty_sidecar,lstm_ensemble,confirm_vn100_fnb_committee_20260408_235445_r01,lstm_signmag_best_by_val,agree_only,0.15,0.713418233954626,"KDC,SAB,SBT,VNM",4,997,1165,0.015540603678114162,0.016673043932241338,0.012274681756143657,0.017204385786431353,0.007752037372780185,0.019352820015653194,0.015030432274943452,0.016617446846794337
mini_tpdouong_g06_uncertainty_sidecar,lstm_ensemble,confirm_vn100_fnb_committee_20260408_235445_r01,lstm_ensemble,avg,0.75,0.6190436029349751,"KDC,SAB,SBT,VNM",4,997,1165,0.015540603678114162,0.016673043932241338,-0.005471218286397406,0.013421679298352696,0.00754096755392708,0.019888796220276506,0.01503362953080796,0.01660836452210788
mini_tpdouong_g06_uncertainty_sidecar,lstm_ensemble,confirm_vn100_fnb_committee_20260408_235445_r01,lstm_signmag_best_by_val,agree_only,0.25,0.713418233954626,"KDC,SAB,SBT,VNM",4,997,1165,0.015540603678114162,0.016673043932241338,0.012274681756143657,0.017204385786431353,0.007460644374839398,0.01789180235438359,0.015034846255002777,0.01664220435777679
mini_tpdouong_g06_uncertainty_sidecar,lstm_ensemble,confirm_vn100_fnb_committee_20260408_235445_r01,lstm_signmag_best_by_val,avg,0.4,0.713418233954626,"KDC,SAB,SBT,VNM",4,997,1165,0.015540603678114162,0.016673043932241338,0.012274681756143657,0.017204385786431353,0.007358478613854413,0.019813781504810057,0.015036393847549338,0.016609635675558822
mini_tpdouong_g06_uncertainty_sidecar,lstm_ensemble,confirm_vn100_fnb_committee_20260408_235445_r01,lstm_signmag_best_by_val,avg,0.35,0.713418233954626,"KDC,SAB,SBT,VNM",4,997,1165,0.015540603678114162,0.016673043932241338,0.012274681756143657,0.017204385786431353,0.0072471619589452585,0.018015545333329608,0.015038080056547193,0.01664010748500005
mini_tpdouong_g06_uncertainty_sidecar,lstm_ensemble,confirm_vn100_fnb_committee_20260408_235445_r01,lstm_best_by_val,avg,0.75,0.6235135363076664,"KDC,SAB,SBT,VNM",4,997,1165,0.015540603678114162,0.016673043932241338,-0.01014920571426181,-0.008707676792512054,0.007178740998909361,0.018272121027811283,0.015039116487605498,0.016635759710334243
mini_tpdouong_g06_uncertainty_sidecar,lstm_ensemble,confirm_vn100_fnb_committee_20260408_235445_r01,lstm_best_by_val,agree_only,0.7,0.6235135363076664,"KDC,SAB,SBT,VNM",4,997,1165,0.015540603678114162,0.016673043932241338,-0.01014920571426181,-0.008707676792512054,0.007103924552873342,0.017417726321607985,0.015040249796584252,0.01665023776004091
mini_tpdouong_g06_uncertainty_sidecar,lstm_ensemble,confirm_vn100_fnb_committee_20260408_235445_r01,lstm_signmag_best_by_val,agree_only,0.5,0.713418233954626,"KDC,SAB,SBT,VNM",4,997,1165,0.015540603678114162,0.016673043932241338,0.012274681756143657,0.017204385786431353,0.007044734701722399,0.021734402450320434,0.015041146396106344,0.016577090008649986
mini_tpdouong_g06_uncertainty_sidecar,lstm_ensemble,confirm_vn100_fnb_committee_20260408_235445_r01,lstm_signmag_best_by_val,avg,0.55,0.713418233954626,"KDC,SAB,SBT,VNM",4,997,1165,0.015540603678114162,0.016673043932241338,0.012274681756143657,0.017204385786431353,0.006958185400678274,0.020073962590994032,0.01504245743271895,0.01660522680613213
mini_tpdouong_g06_uncertainty_sidecar,lstm_ensemble,confirm_vn100_fnb_committee_20260408_235445_r01,lstm_signmag_best_by_val,agree_only,0.45,0.713418233954626,"KDC,SAB,SBT,VNM",4,997,1165,0.015540603678114162,0.016673043932241338,0.012274681756143657,0.017204385786431353,0.006830844534449265,0.021518018491888613,0.015044386374211174,0.016580756718758506
mini_tpdouong_g06_uncertainty_sidecar,lstm_ensemble,confirm_vn100_fnb_committee_20260408_235445_r01,lstm_signmag_best_by_val,avg,0.6,0.713418233954626,"KDC,SAB,SBT,VNM",4,997,1165,0.015540603678114162,0.016673043932241338,0.012274681756143657,0.017204385786431353,0.00681188714540204,0.01659834540990246,0.015044673538068312,0.016664122487418356
mini_tpdouong_g06_uncertainty_sidecar,lstm_best_by_val,confirm_vn100_fnb_committee_20260408_235445_r01,lstm_best_by_val,avg,0.25,0.5485367293581851,"KDC,SAB,SBT,VNM",4,997,1165,0.021012648466806727,0.05048465575862915,-0.01014920571426181,-0.008707676792512054,0.00679612351262282,0.019661558473322405,0.015044912323355678,0.016612215153872973
mini_tpdouong_g06_uncertainty_sidecar,lstm_best_by_val,confirm_vn100_fnb_committee_20260408_235445_r01,lstm_ensemble,avg,0.55,0.5629585898625284,"KDC,SAB,SBT,VNM",4,997,1165,0.021012648466806727,0.05048465575862915,-0.005471218286397406,0.013421679298352696,0.006599100414171,0.02600537587673113,0.015047896801479511,0.01650471670727713
mini_tpdouong_g06_uncertainty_sidecar,lstm_best_by_val,confirm_vn100_fnb_committee_20260408_235445_r01,lstm_ensemble,avg,0.6,0.5629585898625284,"KDC,SAB,SBT,VNM",4,997,1165,0.021012648466806727,0.05048465575862915,-0.005471218286397406,0.013421679298352696,0.006427065837121604,0.024242019362415324,0.015050502757003415,0.016534597467398274
mini_tpdouong_g06_uncertainty_sidecar,lstm_ensemble,confirm_vn100_fnb_committee_20260408_235445_r01,lstm_best_by_val,agree_only,0.65,0.6235135363076664,"KDC,SAB,SBT,VNM",4,997,1165,0.015540603678114162,0.016673043932241338,-0.01014920571426181,-0.008707676792512054,0.006302349801349361,0.013576843389649262,0.015052391937933866,0.016715323011158037
mini_tpdouong_g06_uncertainty_sidecar,lstm_best_by_val,confirm_vn100_fnb_committee_20260408_235445_r01,lstm_best_by_val,avg,0.3,0.5485367293581851,"KDC,SAB,SBT,VNM",4,997,1165,0.021012648466806727,0.05048465575862915,-0.01014920571426181,-0.008707676792512054,0.0059854834618212616,0.01862365908488839,0.015057191784580943,0.016629802761599432
mini_tpdouong_g06_uncertainty_sidecar,lstm_ensemble,confirm_vn100_fnb_committee_20260408_235445_r01,lstm_ensemble,avg,0.7,0.6190436029349751,"KDC,SAB,SBT,VNM",4,997,1165,0.015540603678114162,0.016673043932241338,-0.005471218286397406,0.013421679298352696,0.005913222510736005,0.021504582774371173,0.015058286383282396,0.0165809843922034
mini_tpdouong_g06_uncertainty_sidecar,lstm_best_by_val,confirm_vn100_fnb_committee_20260408_235445_r01,lstm_ensemble,avg,0.45,0.5629585898625284,"KDC,SAB,SBT,VNM",4,997,1165,0.021012648466806727,0.05048465575862915,-0.005471218286397406,0.013421679298352696,0.005888731490206522,0.03168487031777012,0.015058657369809228,0.016408475470962008
mini_tpdouong_g06_uncertainty_sidecar,lstm_best_by_val,confirm_vn100_fnb_committee_20260408_235445_r01,lstm_ensemble,avg,0.7,0.5629585898625284,"KDC,SAB,SBT,VNM",4,997,1165,0.021012648466806727,0.05048465575862915,-0.005471218286397406,0.013421679298352696,0.005849828747187535,0.02879764835660581,0.01505924666307692,0.01645740056701471
mini_tpdouong_g06_uncertainty_sidecar,lstm_ensemble,confirm_vn100_fnb_committee_20260408_235445_r01,lstm_signmag_best_by_val,agree_only,0.1,0.713418233954626,"KDC,SAB,SBT,VNM",4,997,1165,0.015540603678114162,0.016673043932241338,0.012274681756143657,0.017204385786431353,0.005297052248933842,0.01956805049606114,0.015067620043555508,0.016613799682818352
mini_tpdouong_g06_uncertainty_sidecar,lstm_ensemble,confirm_vn100_fnb_committee_20260408_235445_r01,lstm_ensemble,agree_only,0.25,0.6190436029349751,"KDC,SAB,SBT,VNM",4,997,1165,0.015540603678114162,0.016673043932241338,-0.005471218286397406,0.013421679298352696,0.005180344572254469,0.018303091122697457,0.015069387914991244,0.016635234910063447
mini_tpdouong_g06_uncertainty_sidecar,lstm_ensemble,confirm_vn100_fnb_committee_20260408_235445_r01,lstm_best_by_val,agree_only,0.55,0.6235135363076664,"KDC,SAB,SBT,VNM",4,997,1165,0.015540603678114162,0.016673043932241338,-0.01014920571426181,-0.008707676792512054,0.00516225715528662,0.01311291318881258,0.01506966190063395,0.016723184488364497
mini_tpdouong_g06_uncertainty_sidecar,lstm_ensemble,confirm_vn100_fnb_committee_20260408_235445_r01,lstm_best_by_val,agree_only,0.45,0.6235135363076664,"KDC,SAB,SBT,VNM",4,997,1165,0.015540603678114162,0.016673043932241338,-0.01014920571426181,-0.008707676792512054,0.005009160129692325,0.010394182661740747,0.015071980992797765,0.016769254431710578
mini_tpdouong_g06_uncertainty_sidecar,lstm_ensemble,confirm_vn100_fnb_committee_20260408_235445_r01,lstm_ensemble,avg,0.65,0.6190436029349751,"KDC,SAB,SBT,VNM",4,997,1165,0.015540603678114162,0.016673043932241338,-0.005471218286397406,0.013421679298352696,0.00495510158636292,0.025715535325619876,0.015072799863992263,0.016509628167841583
mini_tpdouong_g06_uncertainty_sidecar,lstm_ensemble,confirm_vn100_fnb_committee_20260408_235445_r01,lstm_best_by_val,agree_only,0.4,0.6235135363076664,"KDC,SAB,SBT,VNM",4,997,1165,0.015540603678114162,0.016673043932241338,-0.01014920571426181,-0.008707676792512054,0.004930110639298602,0.007530713227902552,0.01507317842333578,0.0168177770319744
mini_tpdouong_g06_uncertainty_sidecar,lstm_ensemble,confirm_vn100_fnb_committee_20260408_235445_r01,lstm_best_by_val,agree_only,0.5,0.6235135363076664,"KDC,SAB,SBT,VNM",4,997,1165,0.015540603678114162,0.016673043932241338,-0.01014920571426181,-0.008707676792512054,0.00491758000567577,0.010916527524744701,0.015073368235607634,0.016760403095395306
mini_tpdouong_g06_uncertainty_sidecar,lstm_best_by_val,confirm_vn100_fnb_committee_20260408_235445_r01,lstm_best_by_val,avg,0.75,0.5485367293581851,"KDC,SAB,SBT,VNM",4,997,1165,0.021012648466806727,0.05048465575862915,-0.01014920571426181,-0.008707676792512054,0.004443095782994622,0.024886649040514852,0.015080555655731588,0.01652367396745831
mini_tpdouong_g06_uncertainty_sidecar,lstm_ensemble,confirm_vn100_fnb_committee_20260408_235445_r01,lstm_ensemble,agree_only,0.45,0.6190436029349751,"KDC,SAB,SBT,VNM",4,997,1165,0.015540603678114162,0.016673043932241338,-0.005471218286397406,0.013421679298352696,0.0043831811632530915,0.022725939441829324,0.01508146323394613,0.016560288029722873
mini_tpdouong_g06_uncertainty_sidecar,lstm_best_by_val,confirm_vn100_fnb_committee_20260408_235445_r01,lstm_best_by_val,avg,0.7,0.5485367293581851,"KDC,SAB,SBT,VNM",4,997,1165,0.021012648466806727,0.05048465575862915,-0.01014920571426181,-0.008707676792512054,0.0039910649287031585,0.023654682985849385,0.015087402955396102,0.016544550110120328
mini_tpdouong_g06_uncertainty_sidecar,lstm_ensemble,confirm_vn100_fnb_committee_20260408_235445_r01,lstm_ensemble,agree_only,0.2,0.6190436029349751,"KDC,SAB,SBT,VNM",4,997,1165,0.015540603678114162,0.016673043932241338,-0.005471218286397406,0.013421679298352696,0.003788752758333902,0.018375914813871352,0.015090467551635817,0.01663400088436902
mini_tpdouong_g06_uncertainty_sidecar,lstm_ensemble,confirm_vn100_fnb_committee_20260408_235445_r01,lstm_ensemble,avg,0.5,0.6190436029349751,"KDC,SAB,SBT,VNM",4,997,1165,0.015540603678114162,0.016673043932241338,-0.005471218286397406,0.013421679298352696,0.0037800571203376876,0.03277575618597972,0.015090599271934483,0.016389989986782896
mini_tpdouong_g06_uncertainty_sidecar,lstm_best_by_val,confirm_vn100_fnb_committee_20260408_235445_r01,lstm_ensemble,avg,0.5,0.5629585898625284,"KDC,SAB,SBT,VNM",4,997,1165,0.021012648466806727,0.05048465575862915,-0.005471218286397406,0.013421679298352696,0.003185588848102827,0.029894632922126352,0.015099604193528649,0.016438811738044047
mini_tpdouong_g06_uncertainty_sidecar,lstm_ensemble,confirm_vn100_fnb_committee_20260408_235445_r01,lstm_ensemble,avg,0.6,0.6190436029349751,"KDC,SAB,SBT,VNM",4,997,1165,0.015540603678114162,0.016673043932241338,-0.005471218286397406,0.013421679298352696,0.0029379533515191403,0.027925399988393718,0.015103355341125283,0.01647218115394935
mini_tpdouong_g06_uncertainty_sidecar,lstm_ensemble,confirm_vn100_fnb_committee_20260408_235445_r01,lstm_best_by_val,agree_only,0.2,0.6235135363076664,"KDC,SAB,SBT,VNM",4,997,1165,0.015540603678114162,0.016673043932241338,-0.01014920571426181,-0.008707676792512054,0.0029183570767260525,0.0015858133864258273,0.015103652182733643,0.016918515665747695
mini_tpdouong_g06_uncertainty_sidecar,lstm_best_by_val,confirm_vn100_fnb_committee_20260408_235445_r01,lstm_ensemble,avg,0.65,0.5629585898625284,"KDC,SAB,SBT,VNM",4,997,1165,0.021012648466806727,0.05048465575862915,-0.005471218286397406,0.013421679298352696,0.0028745281023977443,0.026496254456938706,0.015104316097858828,0.016496398579329257
mini_tpdouong_g06_uncertainty_sidecar,lstm_ensemble,confirm_vn100_fnb_committee_20260408_235445_r01,lstm_signmag_best_by_val,agree_only,0.05,0.713418233954626,"KDC,SAB,SBT,VNM",4,997,1165,0.015540603678114162,0.016673043932241338,0.012274681756143657,0.017204385786431353,0.002842065588034459,0.019546673023954297,0.015104807835450628,0.016614161932375283
mini_tpdouong_g06_uncertainty_sidecar,lstm_ensemble,confirm_vn100_fnb_committee_20260408_235445_r01,lstm_best_by_val,agree_only,0.3,0.6235135363076664,"KDC,SAB,SBT,VNM",4,997,1165,0.015540603678114162,0.016673043932241338,-0.01014920571426181,-0.008707676792512054,0.0025797089169333765,0.0019870236490940885,0.015108781977323819,0.016911717002221854
mini_tpdouong_g06_uncertainty_sidecar,lstm_ensemble,confirm_vn100_fnb_committee_20260408_235445_r01,lstm_ensemble,avg,0.55,0.6190436029349751,"KDC,SAB,SBT,VNM",4,997,1165,0.015540603678114162,0.016673043932241338,-0.005471218286397406,0.013421679298352696,0.0025257402912131077,0.028197735188013384,0.015109599486459048,0.016467566328356047
mini_tpdouong_g06_uncertainty_sidecar,lstm_ensemble,confirm_vn100_fnb_committee_20260408_235445_r01,lstm_best_by_val,avg,0.6,0.6235135363076664,"KDC,SAB,SBT,VNM",4,997,1165,0.015540603678114162,0.016673043932241338,-0.01014920571426181,-0.008707676792512054,0.002338349304401466,0.014629568302653051,0.015112438058713457,0.01669748417916709
mini_tpdouong_g06_uncertainty_sidecar,lstm_ensemble,confirm_vn100_fnb_committee_20260408_235445_r01,lstm_signmag_best_by_val,agree_only,0.0,0.713418233954626,"KDC,SAB,SBT,VNM",4,997,1165,0.015540603678114162,0.016673043932241338,0.012274681756143657,0.017204385786431353,0.002029387164599994,0.018430989095740258,0.015117118173657218,0.016633067629300058
mini_tpdouong_g06_uncertainty_sidecar,lstm_best_by_val,confirm_vn100_fnb_committee_20260408_235445_r01,lstm_best_by_val,avg,0.65,0.5485367293581851,"KDC,SAB,SBT,VNM",4,997,1165,0.021012648466806727,0.05048465575862915,-0.01014920571426181,-0.008707676792512054,0.0019689647889589157,0.024989008364326826,0.015118033443286555,0.016521939449012292
mini_tpdouong_g06_uncertainty_sidecar,lstm_ensemble,confirm_vn100_fnb_committee_20260408_235445_r01,lstm_ensemble,agree_only,0.05,0.6190436029349751,"KDC,SAB,SBT,VNM",4,997,1165,0.015540603678114162,0.016673043932241338,-0.005471218286397406,0.013421679298352696,0.0019397166609991245,0.015849072509480533,0.015118476489806201,0.016676819207350497
mini_tpdouong_g06_uncertainty_sidecar,lstm_ensemble,confirm_vn100_fnb_committee_20260408_235445_r01,lstm_ensemble,agree_only,0.15,0.6190436029349751,"KDC,SAB,SBT,VNM",4,997,1165,0.015540603678114162,0.016673043932241338,-0.005471218286397406,0.013421679298352696,0.0017899399824090612,0.019297440704455493,0.015120745285821618,0.01661838527070359
mini_tpdouong_g06_uncertainty_sidecar,lstm_ensemble,confirm_vn100_fnb_committee_20260408_235445_r01,lstm_ensemble,agree_only,0.4,0.6190436029349751,"KDC,SAB,SBT,VNM",4,997,1165,0.015540603678114162,0.016673043932241338,-0.005471218286397406,0.013421679298352696,0.001652068284763164,0.02020945091659576,0.015122833746863766,0.016602930903900418
mini_tpdouong_g06_uncertainty_sidecar,lstm_ensemble,confirm_vn100_fnb_committee_20260408_235445_r01,lstm_ensemble,agree_only,0.1,0.6190436029349751,"KDC,SAB,SBT,VNM",4,997,1165,0.015540603678114162,0.016673043932241338,-0.005471218286397406,0.013421679298352696,0.0013155009106639026,0.018492486683834408,0.015127932022005557,0.016632025528815583
mini_tpdouong_g06_uncertainty_sidecar,lstm_best_by_val,confirm_vn100_fnb_committee_20260408_235445_r01,lstm_best_by_val,avg,0.6,0.5485367293581851,"KDC,SAB,SBT,VNM",4,997,1165,0.021012648466806727,0.05048465575862915,-0.01014920571426181,-0.008707676792512054,0.0013069797281994866,0.02621212478994861,0.01512806109967642,0.01650121326674709
mini_tpdouong_g06_uncertainty_sidecar,lstm_ensemble,confirm_vn100_fnb_committee_20260408_235445_r01,lstm_best_by_val,agree_only,0.25,0.6235135363076664,"KDC,SAB,SBT,VNM",4,997,1165,0.015540603678114162,0.016673043932241338,-0.01014920571426181,-0.008707676792512054,0.001168628037676589,0.0018233314461543193,0.015130156831583011,0.016914490830095025
mini_tpdouong_g06_uncertainty_sidecar,lstm_ensemble,confirm_vn100_fnb_committee_20260408_235445_r01,lstm_best_by_val,agree_only,0.35,0.6235135363076664,"KDC,SAB,SBT,VNM",4,997,1165,0.015540603678114162,0.016673043932241338,-0.01014920571426181,-0.008707676792512054,0.0006240900722240816,0.0046837068761420575,0.015138405415927994,0.016866020658926575
mini_tpdouong_g06_uncertainty_sidecar,lstm_best_by_val,confirm_vn100_fnb_committee_20260408_235445_r01,lstm_best_by_val,avg,0.2,0.5485367293581851,"KDC,SAB,SBT,VNM",4,997,1165,0.021012648466806727,0.05048465575862915,-0.01014920571426181,-0.008707676792512054,0.0005504026637719317,0.01794127343984686,0.015139521622404574,0.01664136605104434
mini_tpdouong_g06_uncertainty_sidecar,lstm_ensemble,confirm_vn100_fnb_committee_20260408_235445_r01,lstm_best_by_val,avg,0.45,0.6235135363076664,"KDC,SAB,SBT,VNM",4,997,1165,0.015540603678114162,0.016673043932241338,-0.01014920571426181,-0.008707676792512054,0.0005264318636818421,0.018710235545460363,0.015139884728705519,0.01662833568989301
mini_tpdouong_g06_uncertainty_sidecar,lstm_ensemble,confirm_vn100_fnb_committee_20260408_235445_r01,lstm_best_by_val,avg,0.5,0.6235135363076664,"KDC,SAB,SBT,VNM",4,997,1165,0.015540603678114162,0.016673043932241338,-0.01014920571426181,-0.008707676792512054,0.00031187288615952546,0.015547904438345417,0.015143134837853732,0.016681922617135574
mini_tpdouong_g06_uncertainty_sidecar,lstm_ensemble,confirm_vn100_fnb_committee_20260408_235445_r01,lstm_best_by_val,avg,0.4,0.6235135363076664,"KDC,SAB,SBT,VNM",4,997,1165,0.015540603678114162,0.016673043932241338,-0.01014920571426181,-0.008707676792512054,6.897833393237907e-05,0.014906042008297704,0.015146814170293515,0.016692799224983915
mini_tpdouong_g06_uncertainty_sidecar,lstm_ensemble,confirm_vn100_fnb_committee_20260408_235445_r01,lstm_best_by_val,avg,0.25,0.6235135363076664,"KDC,SAB,SBT,VNM",4,997,1165,0.015540603678114162,0.016673043932241338,-0.01014920571426181,-0.008707676792512054,5.1617702937045706e-05,0.007609987190169587,0.015147077146684753,0.016816433703934312
mini_tpdouong_g06_uncertainty_sidecar,lstm_ensemble,confirm_vn100_fnb_committee_20260408_235445_r01,lstm_best_by_val,avg,0.3,0.6235135363076664,"KDC,SAB,SBT,VNM",4,997,1165,0.015540603678114162,0.016673043932241338,-0.01014920571426181,-0.008707676792512054,-0.00013372400777034166,0.010052821695237246,0.01514988467679359,0.01677503892569804
mini_tpdouong_g06_uncertainty_sidecar,lstm_ensemble,confirm_vn100_fnb_committee_20260408_235445_r01,lstm_ensemble,agree_only,0.0,0.6190436029349751,"KDC,SAB,SBT,VNM",4,997,1165,0.015540603678114162,0.016673043932241338,-0.005471218286397406,0.013421679298352696,-0.0001375368752352113,0.016460291815128425,0.015149942433572506,0.016666461859131232
mini_tpdouong_g06_uncertainty_sidecar,lstm_ensemble,confirm_vn100_fnb_committee_20260408_235445_r01,lstm_best_by_val,avg,0.35,0.6235135363076664,"KDC,SAB,SBT,VNM",4,997,1165,0.015540603678114162,0.016673043932241338,-0.01014920571426181,-0.008707676792512054,-0.00016643672556582167,0.013102270310208608,0.015150380204431716,0.016723364836070693
mini_tpdouong_g06_uncertainty_sidecar,lstm_ensemble,confirm_vn100_fnb_committee_20260408_235445_r01,lstm_best_by_val,avg,0.55,0.6235135363076664,"KDC,SAB,SBT,VNM",4,997,1165,0.015540603678114162,0.016673043932241338,-0.01014920571426181,-0.008707676792512054,-0.0005525133499524326,0.014308731378790629,0.015156228438718252,0.016702920885290955
mini_tpdouong_g06_uncertainty_sidecar,lstm_best_by_val,confirm_vn100_fnb_committee_20260408_235445_r01,lstm_best_by_val,avg,0.15,0.5485367293581851,"KDC,SAB,SBT,VNM",4,997,1165,0.021012648466806727,0.05048465575862915,-0.01014920571426181,-0.008707676792512054,-0.0006869165430802848,0.01252867639799593,0.015158264359342866,0.016733084607403734
mini_tpdouong_g06_uncertainty_sidecar,lstm_ensemble,confirm_vn100_fnb_committee_20260408_235445_r01,lstm_best_by_val,avg,0.7,0.6235135363076664,"KDC,SAB,SBT,VNM",4,997,1165,0.015540603678114162,0.016673043932241338,-0.01014920571426181,-0.008707676792512054,-0.0007363449059458738,0.020487242637480363,0.015159013093216347,0.01659822361543776
mini_tpdouong_g06_uncertainty_sidecar,lstm_best_by_val,confirm_vn100_fnb_committee_20260408_235445_r01,lstm_ensemble,avg,0.4,0.5629585898625284,"KDC,SAB,SBT,VNM",4,997,1165,0.021012648466806727,0.05048465575862915,-0.005471218286397406,0.013421679298352696,-0.0009221515752293463,0.03426527588388517,0.015161827666452158,0.01636474949773403
mini_tpdouong_g06_uncertainty_sidecar,lstm_ensemble,confirm_vn100_fnb_committee_20260408_235445_r01,lstm_ensemble,agree_only,0.3,0.6190436029349751,"KDC,SAB,SBT,VNM",4,997,1165,0.015540603678114162,0.016673043932241338,-0.005471218286397406,0.013421679298352696,-0.00113538835081739,0.01875402649018698,0.015165057747071843,0.016627593635348603
mini_tpdouong_g06_uncertainty_sidecar,lstm_ensemble,confirm_vn100_fnb_committee_20260408_235445_r01,lstm_best_by_val,agree_only,0.15,0.6235135363076664,"KDC,SAB,SBT,VNM",4,997,1165,0.015540603678114162,0.016673043932241338,-0.01014920571426181,-0.008707676792512054,-0.0017271989140681399,0.0005329292604778768,0.015174022410064936,0.016936357195663738
mini_tpdouong_g06_uncertainty_sidecar,lstm_ensemble,confirm_vn100_fnb_committee_20260408_235445_r01,lstm_ensemble,agree_only,0.35,0.6190436029349751,"KDC,SAB,SBT,VNM",4,997,1165,0.015540603678114162,0.016673043932241338,-0.005471218286397406,0.013421679298352696,-0.0017732054604051584,0.018265915673284727,0.015174719310743968,0.016635864862473683
mini_tpdouong_g06_uncertainty_sidecar,lstm_ensemble,confirm_vn100_fnb_committee_20260408_235445_r01,lstm_best_by_val,avg,0.65,0.6235135363076664,"KDC,SAB,SBT,VNM",4,997,1165,0.015540603678114162,0.016673043932241338,-0.01014920571426181,-0.008707676792512054,-0.0018659805952081499,0.017457527668206407,0.015176124655408785,0.016649563310784307
mini_tpdouong_g06_uncertainty_sidecar,lstm_best_by_val,confirm_vn100_fnb_committee_20260408_235445_r01,lstm_ensemble,avg,0.15,0.5629585898625284,"KDC,SAB,SBT,VNM",4,997,1165,0.021012648466806727,0.05048465575862915,-0.005471218286397406,0.013421679298352696,-0.0022516562408558816,0.02354465876965328,0.015181966815725905,0.01654641451314092
mini_tpdouong_g06_uncertainty_sidecar,lstm_best_by_val,confirm_vn100_fnb_committee_20260408_235445_r01,lstm_ensemble,avg,0.25,0.5629585898625284,"KDC,SAB,SBT,VNM",4,997,1165,0.021012648466806727,0.05048465575862915,-0.005471218286397406,0.013421679298352696,-0.0023883150594725677,0.0318231911567084,0.01518403690424748,0.016406131570693108
mini_tpdouong_g06_uncertainty_sidecar,lstm_best_by_val,confirm_vn100_fnb_committee_20260408_235445_r01,lstm_best_by_val,avg,0.1,0.5485367293581851,"KDC,SAB,SBT,VNM",4,997,1165,0.021012648466806727,0.05048465575862915,-0.01014920571426181,-0.008707676792512054,-0.0028447695046787125,0.011912278249105346,0.015190951211843643,0.01674352971313056
mini_tpdouong_g06_uncertainty_sidecar,lstm_ensemble,confirm_vn100_fnb_committee_20260408_235445_r01,lstm_ensemble,avg,0.25,0.6190436029349751,"KDC,SAB,SBT,VNM",4,997,1165,0.015540603678114162,0.016673043932241338,-0.005471218286397406,0.013421679298352696,-0.003022953543158735,0.01730979059450799,0.015193650318542496,0.01665206677280367
mini_tpdouong_g06_uncertainty_sidecar,lstm_ensemble,confirm_vn100_fnb_committee_20260408_235445_r01,lstm_best_by_val,avg,0.2,0.6235135363076664,"KDC,SAB,SBT,VNM",4,997,1165,0.015540603678114162,0.016673043932241338,-0.01014920571426181,-0.008707676792512054,-0.003728566224284968,0.008452590091140189,0.015204338839976118,0.016802155470941223
mini_tpdouong_g06_uncertainty_sidecar,lstm_best_by_val,confirm_vn100_fnb_committee_20260408_235445_r01,lstm_ensemble,avg,0.2,0.5629585898625284,"KDC,SAB,SBT,VNM",4,997,1165,0.021012648466806727,0.05048465575862915,-0.005471218286397406,0.013421679298352696,-0.003922883941088973,0.030856863052993955,0.015207282337360087,0.016422506375238302
mini_tpdouong_g06_uncertainty_sidecar,lstm_ensemble,confirm_vn100_fnb_committee_20260408_235445_r01,lstm_ensemble,avg,0.45,0.6190436029349751,"KDC,SAB,SBT,VNM",4,997,1165,0.015540603678114162,0.016673043932241338,-0.005471218286397406,0.013421679298352696,-0.004097090470296383,0.032827891125546294,0.015209921193309132,0.016389106540009385
mini_tpdouong_g06_uncertainty_sidecar,lstm_best_by_val,confirm_vn100_fnb_committee_20260408_235445_r01,lstm_best_by_val,avg,0.05,0.5485367293581851,"KDC,SAB,SBT,VNM",4,997,1165,0.021012648466806727,0.05048465575862915,-0.01014920571426181,-0.008707676792512054,-0.004220876660965711,0.001851447472985157,0.01521179628907703,0.016914014393114487
mini_tpdouong_g06_uncertainty_sidecar,lstm_best_by_val,confirm_vn100_fnb_committee_20260408_235445_r01,lstm_ensemble,avg,0.1,0.5629585898625284,"KDC,SAB,SBT,VNM",4,997,1165,0.021012648466806727,0.05048465575862915,-0.005471218286397406,0.013421679298352696,-0.004429949559587643,0.01758399444226655,0.015214963295875353,0.016647420282242826
mini_tpdouong_g06_uncertainty_sidecar,lstm_ensemble,confirm_vn100_fnb_committee_20260408_235445_r01,lstm_ensemble,avg,0.3,0.6190436029349751,"KDC,SAB,SBT,VNM",4,997,1165,0.015540603678114162,0.016673043932241338,-0.005471218286397406,0.013421679298352696,-0.004588471758351531,0.021088215422313317,0.015217364567797632,0.016588039898488213
mini_tpdouong_g06_uncertainty_sidecar,lstm_ensemble,confirm_vn100_fnb_committee_20260408_235445_r01,lstm_best_by_val,agree_only,0.1,0.6235135363076664,"KDC,SAB,SBT,VNM",4,997,1165,0.015540603678114162,0.016673043932241338,-0.01014920571426181,-0.008707676792512054,-0.0046135795214548025,0.0006791660913929576,0.015217744896654043,0.016933879155840267
mini_tpdouong_g06_uncertainty_sidecar,lstm_ensemble,confirm_vn100_fnb_committee_20260408_235445_r01,lstm_best_by_val,avg,0.15,0.6235135363076664,"KDC,SAB,SBT,VNM",4,997,1165,0.015540603678114162,0.016673043932241338,-0.01014920571426181,-0.008707676792512054,-0.004680132289460515,0.007358941440397393,0.015218753028602806,0.01682068777154201
mini_tpdouong_g06_uncertainty_sidecar,lstm_best_by_val,confirm_vn100_fnb_committee_20260408_235445_r01,lstm_ensemble,avg,0.0,0.5629585898625284,"KDC,SAB,SBT,VNM",4,997,1165,0.021012648466806727,0.05048465575862915,-0.005471218286397406,0.013421679298352696,-0.005471218286397406,0.013421679298352696,0.015230736287776383,0.016717952326871455
mini_tpdouong_g06_uncertainty_sidecar,lstm_ensemble,confirm_vn100_fnb_committee_20260408_235445_r01,lstm_ensemble,avg,0.0,0.6190436029349751,"KDC,SAB,SBT,VNM",4,997,1165,0.015540603678114162,0.016673043932241338,-0.005471218286397406,0.013421679298352696,-0.005471218286397406,0.013421679298352696,0.015230736287776383,0.016717952326871455
mini_tpdouong_g06_uncertainty_sidecar,lstm_ensemble,confirm_vn100_fnb_committee_20260408_235445_r01,lstm_ensemble,avg,0.2,0.6190436029349751,"KDC,SAB,SBT,VNM",4,997,1165,0.015540603678114162,0.016673043932241338,-0.005471218286397406,0.013421679298352696,-0.005558613591098327,0.015555746233999246,0.015232060139533132,0.016681789734866476
mini_tpdouong_g06_uncertainty_sidecar,lstm_ensemble,confirm_vn100_fnb_committee_20260408_235445_r01,lstm_best_by_val,avg,0.05,0.6235135363076664,"KDC,SAB,SBT,VNM",4,997,1165,0.015540603678114162,0.016673043932241338,-0.01014920571426181,-0.008707676792512054,-0.00559130248456996,-0.0025118014473195505,0.015232555306283757,0.016987951338524
mini_tpdouong_g06_uncertainty_sidecar,lstm_ensemble,confirm_vn100_fnb_committee_20260408_235445_r01,lstm_ensemble,avg,0.15,0.6190436029349751,"KDC,SAB,SBT,VNM",4,997,1165,0.015540603678114162,0.016673043932241338,-0.005471218286397406,0.013421679298352696,-0.005811243261543586,0.015160776534760445,0.015235886938171463,0.01668848264962436
mini_tpdouong_g06_uncertainty_sidecar,lstm_best_by_val,confirm_vn100_fnb_committee_20260408_235445_r01,lstm_ensemble,avg,0.05,0.5629585898625284,"KDC,SAB,SBT,VNM",4,997,1165,0.021012648466806727,0.05048465575862915,-0.005471218286397406,0.013421679298352696,-0.0062645096183651106,0.015483758625466693,0.015242752953054153,0.01668300959281624
mini_tpdouong_g06_uncertainty_sidecar,lstm_ensemble,confirm_vn100_fnb_committee_20260408_235445_r01,lstm_best_by_val,agree_only,0.05,0.6235135363076664,"KDC,SAB,SBT,VNM",4,997,1165,0.015540603678114162,0.016673043932241338,-0.01014920571426181,-0.008707676792512054,-0.007029866882728664,-0.001780720600818686,0.015254346477013318,0.016975562890002044
mini_tpdouong_g06_uncertainty_sidecar,lstm_ensemble,confirm_vn100_fnb_committee_20260408_235445_r01,lstm_ensemble,avg,0.05,0.6190436029349751,"KDC,SAB,SBT,VNM",4,997,1165,0.015540603678114162,0.016673043932241338,-0.005471218286397406,0.013421679298352696,-0.007038987611984737,0.013182379367550512,0.015254484636534471,0.016722007357020636
mini_tpdouong_g06_uncertainty_sidecar,lstm_ensemble,confirm_vn100_fnb_committee_20260408_235445_r01,lstm_ensemble,avg,0.1,0.6190436029349751,"KDC,SAB,SBT,VNM",4,997,1165,0.015540603678114162,0.016673043932241338,-0.005471218286397406,0.013421679298352696,-0.007335054884601622,0.013870659798827178,0.015258969421847724,0.016710344178136452
mini_tpdouong_g06_uncertainty_sidecar,lstm_ensemble,confirm_vn100_fnb_committee_20260408_235445_r01,lstm_best_by_val,avg,0.1,0.6235135363076664,"KDC,SAB,SBT,VNM",4,997,1165,0.015540603678114162,0.016673043932241338,-0.01014920571426181,-0.008707676792512054,-0.00734912910384411,0.006512886950518326,0.01525918261613697,0.01683502449304799
mini_tpdouong_g06_uncertainty_sidecar,lstm_ensemble,confirm_vn100_fnb_committee_20260408_235445_r01,lstm_ensemble,avg,0.35,0.6190436029349751,"KDC,SAB,SBT,VNM",4,997,1165,0.015540603678114162,0.016673043932241338,-0.005471218286397406,0.013421679298352696,-0.00751903322917058,0.02564119129682363,0.015261756299878472,0.016510887956246743
mini_tpdouong_g06_uncertainty_sidecar,lstm_ensemble,confirm_vn100_fnb_committee_20260408_235445_r01,lstm_best_by_val,agree_only,0.0,0.6235135363076664,"KDC,SAB,SBT,VNM",4,997,1165,0.015540603678114162,0.016673043932241338,-0.01014920571426181,-0.008707676792512054,-0.00795304559372112,-0.004196261679263902,0.015268330658000198,0.017016495170537386
mini_tpdouong_g06_uncertainty_sidecar,lstm_best_by_val,confirm_vn100_fnb_committee_20260408_235445_r01,lstm_ensemble,avg,0.35,0.5629585898625284,"KDC,SAB,SBT,VNM",4,997,1165,0.021012648466806727,0.05048465575862915,-0.005471218286397406,0.013421679298352696,-0.008263126035751078,0.03208386860255408,0.015273027712828484,0.01640171429025942
mini_tpdouong_g06_uncertainty_sidecar,lstm_ensemble,confirm_vn100_fnb_committee_20260408_235445_r01,lstm_ensemble,avg,0.4,0.6190436029349751,"KDC,SAB,SBT,VNM",4,997,1165,0.015540603678114162,0.016673043932241338,-0.005471218286397406,0.013421679298352696,-0.008328460208811395,0.029439386954363433,0.015274017385672781,0.016446526057552556
mini_tpdouong_g06_uncertainty_sidecar,lstm_best_by_val,confirm_vn100_fnb_committee_20260408_235445_r01,lstm_ensemble,avg,0.3,0.5629585898625284,"KDC,SAB,SBT,VNM",4,997,1165,0.021012648466806727,0.05048465575862915,-0.005471218286397406,0.013421679298352696,-0.008491332316004963,0.03510073541361958,0.015276484549394809,0.01635059231193737
mini_tpdouong_g06_uncertainty_sidecar,lstm_best_by_val,confirm_vn100_fnb_committee_20260408_235445_r01,lstm_best_by_val,avg,0.0,0.5485367293581851,"KDC,SAB,SBT,VNM",4,997,1165,0.021012648466806727,0.05048465575862915,-0.01014920571426181,-0.008707676792512054,-0.01014920571426181,-0.008707676792512054,0.015301597781945021,0.01709294284955832
mini_tpdouong_g06_uncertainty_sidecar,lstm_ensemble,confirm_vn100_fnb_committee_20260408_235445_r01,lstm_best_by_val,avg,0.0,0.6235135363076664,"KDC,SAB,SBT,VNM",4,997,1165,0.015540603678114162,0.016673043932241338,-0.01014920571426181,-0.008707676792512054,-0.01014920571426181,-0.008707676792512054,0.015301597781945021,0.01709294284955832
