seed,score,policy,threshold,n_obs,obs_coverage,n_days,day_coverage,rel_score,q90_abs_error,daily_q90_median,daily_q90_p90,daily_q90_max,days_ge_3p5,days_ge_5,days_ge_7,days_ge_8
43,risk_hgb,coverage_q10,0.062277704704389696,2177,0.03600251372626844,547,0.8300455235204856,-0.011322032629605738,0.017756838920000007,,,,0,0,0,0
43,risk_hgb,abstain_zero_q10,0.062277704704389696,60468,0.03600251372626844,659,1.0,-2.089450805931037e-06,0.05022141510000003,0.037329839700000006,0.0683981948,0.0699300148,358,170,0,0
43,risk_hgb,coverage_q15,0.07348699620277017,3284,0.05430971753654826,602,0.91350531107739,-0.011530983696746766,0.018875040298000006,0.020355738395000014,0.047185942406,0.06332601956,3,2,0,0
43,risk_hgb,abstain_zero_q15,0.07348699620277017,60468,0.05430971753654826,659,1.0,0.0001260064866290822,0.050211909900000025,0.037329839700000006,0.0683981948,0.0699300148,358,169,0,0
43,risk_hgb,coverage_q20,0.08419338361966161,4324,0.07150889726797645,628,0.952959028831563,-0.004659910531855438,0.020030205351000002,0.018306447370000003,0.03297783092000003,0.05724051870299999,4,3,0,0
43,risk_hgb,abstain_zero_q20,0.08419338361966161,60468,0.07150889726797645,659,1.0,0.00010803720969831954,0.05019786710000005,0.037329839700000006,0.0683981948,0.0699300148,358,169,0,0
43,risk_hgb,coverage_q25,0.093488999862796,5386,0.08907190580141562,640,0.9711684370257967,0.004373774117698903,0.02113681055,0.017825037575,0.031836172005999995,0.056864072275999995,4,3,0,0
43,risk_hgb,abstain_zero_q25,0.093488999862796,60468,0.08907190580141562,659,1.0,0.00019999029141626323,0.05019786710000005,0.037329839700000006,0.0683981948,0.0699300148,357,169,0,0
43,risk_hgb,coverage_q30,0.10259911172566537,6708,0.11093470926771185,643,0.9757207890743551,-0.0074669534381826,0.02263423288,0.018776894182500004,0.0317252478526,0.0592055417,6,2,0,0
43,risk_hgb,abstain_zero_q30,0.10259911172566537,60468,0.11093470926771185,659,1.0,-4.2874734554665395e-05,0.050211909900000025,0.037329839700000006,0.0683981948,0.0699300148,358,169,0,0
43,risk_hgb,coverage_q40,0.12120652540707655,9895,0.16364027254084806,653,0.9908952959028832,0.006636301217473606,0.02445164554,0.0213734214,0.034297671120000005,0.057850174816,15,4,0,0
43,risk_hgb,abstain_zero_q40,0.12120652540707655,60468,0.16364027254084806,659,1.0,-0.00014046681284107798,0.050232269300000035,0.037329839700000006,0.0683981948,0.0699300148,358,169,0,0
43,risk_hgb,coverage_q50,0.1449760633535047,14026,0.23195739895481907,656,0.9954476479514416,-0.00018310921653741374,0.02651727395,0.02213838928000001,0.036948373304000026,0.06896434962,36,10,0,0
43,risk_hgb,abstain_zero_q50,0.1449760633535047,60468,0.23195739895481907,659,1.0,-0.0004672277328952035,0.0502792861,0.03757728559999999,0.068337870168,0.0699300148,358,171,0,0
43,risk_hgb,coverage_q60,0.1724954691640471,19366,0.32026857180657536,658,0.9984825493171472,0.0005895392872345973,0.028045607305,0.02412532872,0.03986107764280001,0.07241427225,59,16,2,0
43,risk_hgb,abstain_zero_q60,0.1724954691640471,60468,0.32026857180657536,659,1.0,-0.0008075216609946256,0.050304937,0.03757728559999999,0.068283161292,0.0699999084,359,171,0,0
43,risk_hgb,coverage_q70,0.21039114398926034,26795,0.4431269431765562,659,1.0,0.0022511171288647214,0.030543851678,0.0266148659,0.040449849432,0.0726020938,105,27,2,0
43,risk_hgb,abstain_zero_q70,0.21039114398926034,60468,0.4431269431765562,659,1.0,-0.0004184407414060676,0.05030206200200001,0.037532894000000004,0.068283161292,0.07066626016000001,360,171,2,0
43,risk_hgb,coverage_q80,0.2699266515763157,35991,0.5952073824171462,659,1.0,0.0009472958975488277,0.0338218503,0.02905063292,0.04675897494600002,0.07390562550000002,162,45,6,0
43,risk_hgb,abstain_zero_q80,0.2699266515763157,60468,0.5952073824171462,659,1.0,0.0016699101775348169,0.0501567307,0.037386035950000014,0.0683981948,0.0733037108,361,172,4,0
43,risk_hgb,coverage_q90,0.37771528054634174,47773,0.7900542435668453,659,1.0,0.005850015174147405,0.038770625600000004,0.0324554391675,0.05456570991400002,0.084346618,251,86,9,1
43,risk_hgb,abstain_zero_q90,0.37771528054634174,60468,0.7900542435668453,659,1.0,0.0049072782988788255,0.050024051042000015,0.03725542210000001,0.06793501916,0.0801420362,362,172,6,1
43,risk_hgb,coverage_q100,0.8108334723840142,60467,0.9999834623271813,659,1.0,0.021706711426691894,0.048780084068,0.0368558094,0.064335336224,0.09423149110000001,370,167,30,8
43,risk_hgb,abstain_zero_q100,0.8108334723840142,60468,0.9999834623271813,659,1.0,0.021689241603927933,0.048779975351,0.0368558094,0.064335336224,0.09423149110000001,370,167,30,8
43,risk_hgb,calibrated_p90_3p5,0.07348699620277017,3284,0.05430971753654826,602,0.91350531107739,-0.011530983696746766,0.018875040298000006,0.020355738395000014,0.047185942406,0.06332601956,3,2,0,0
43,risk_hgb,abstain_zero_calibrated_p90_3p5,0.07348699620277017,60468,0.05430971753654826,659,1.0,0.0001260064866290822,0.050211909900000025,0.037329839700000006,0.0683981948,0.0699300148,358,169,0,0
43,risk_logistic,coverage_q10,0.24549268966014223,1390,0.02298736521796653,367,0.5569044006069803,-0.0010010225732701716,0.016606997207000016,0.029349994264000003,0.029349994264000003,0.029349994264000003,0,0,0,0
43,risk_logistic,abstain_zero_q10,0.24549268966014223,60468,0.02298736521796653,659,1.0,-4.775887556540681e-07,0.05022141510000003,0.037329839700000006,0.0683981948,0.0699300148,358,170,0,0
43,risk_logistic,coverage_q15,0.2660537519570955,2278,0.03767281868095521,434,0.6585735963581184,-0.0034840182069755254,0.018155480711000004,0.017520790420000012,0.04811621841799999,0.062352524400000005,3,2,0,0
43,risk_logistic,abstain_zero_q15,0.2660537519570955,60468,0.03767281868095521,659,1.0,-0.00014531566534614626,0.050232269300000035,0.037329839700000006,0.0683981948,0.0699300148,358,170,0,0
43,risk_logistic,coverage_q20,0.2857465927484923,3401,0.056244625256333926,486,0.7374810318664643,0.003419994412905192,0.01961278732,0.0177216496,0.03854100650400001,0.056187518709,4,2,0,0
43,risk_logistic,abstain_zero_q20,0.2857465927484923,60468,0.056244625256333926,659,1.0,-0.0004148044071532464,0.0502419875,0.037329839700000006,0.0683981948,0.0699300148,358,170,0,0
43,risk_logistic,coverage_q25,0.30492825831268483,4644,0.07680095256995435,523,0.7936267071320182,0.008466860080652228,0.020811784139999998,0.01814125557,0.03065556071760003,0.056877417987,4,3,0,0
43,risk_logistic,abstain_zero_q25,0.30492825831268483,60468,0.07680095256995435,659,1.0,-0.00044189483333445523,0.0502419875,0.037329839700000006,0.0683981948,0.0699300148,358,170,0,0
43,risk_logistic,coverage_q30,0.3230019484812078,5992,0.09909373552953628,546,0.8285280728376327,-0.002143065462259619,0.022185481592000008,0.017973434156999993,0.031545649412000006,0.058467828199999995,7,2,0,0
43,risk_logistic,abstain_zero_q30,0.3230019484812078,60468,0.09909373552953628,659,1.0,-0.0007781472992529626,0.050248487800000005,0.037375596300000015,0.0683981948,0.0699300148,357,169,0,0
43,risk_logistic,coverage_q40,0.36158897751777846,9389,0.1552722100945955,581,0.881638846737481,0.0015352694007013667,0.02416081814000001,0.020012485162500003,0.033023417303,0.05960007527800001,14,3,0,0
43,risk_logistic,abstain_zero_q40,0.36158897751777846,60468,0.1552722100945955,659,1.0,-0.0007702259590867122,0.0502792822,0.03738560020000001,0.0683981948,0.0699300148,358,170,0,0
43,risk_logistic,coverage_q50,0.40595603734478414,13892,0.22974135079711583,607,0.921092564491654,0.0021116777922817187,0.025799825630000002,0.02174603743850001,0.035803877,0.059291248586,37,6,0,0
43,risk_logistic,abstain_zero_q50,0.40595603734478414,60468,0.22974135079711583,659,1.0,-0.0008338580275968344,0.05028427020000005,0.037444934,0.068297881,0.0699300148,358,171,0,0
43,risk_logistic,coverage_q60,0.459946906327003,19732,0.3263213600582126,624,0.9468892261001517,-0.002293180115576332,0.02806070019100002,0.023711517874999997,0.03981439427980001,0.06822880339,69,14,0,0
43,risk_logistic,abstain_zero_q60,0.459946906327003,60468,0.3263213600582126,659,1.0,-0.0005327648498860693,0.05028427020000005,0.037704206,0.068283161292,0.0699629636,358,171,0,0
43,risk_logistic,coverage_q70,0.5251941512745207,26740,0.44221737117152876,640,0.9711684370257967,0.0017088637166621234,0.03006146340300001,0.026438600280000002,0.04094363718,0.07107419992,97,22,1,0
43,risk_logistic,abstain_zero_q70,0.5251941512745207,60468,0.44221737117152876,659,1.0,-0.00024491812696592064,0.0502792861,0.037386035950000014,0.068283161292,0.0700000225,360,172,1,0
43,risk_logistic,coverage_q80,0.606123944381746,35112,0.5806707680095257,651,0.9878603945371776,0.00275009213044497,0.03301792863000001,0.02890790968399999,0.04397605840840001,0.0759526237,144,37,4,0
43,risk_logistic,abstain_zero_q80,0.606123944381746,60468,0.5806707680095257,659,1.0,0.00158541689951619,0.050167188,0.03737266862000001,0.0683981948,0.07387109883,364,172,2,0
43,risk_logistic,coverage_q90,0.717591440123215,45519,0.7527783290335384,659,1.0,0.004573223355667566,0.037255080600000046,0.031716493295,0.051423816637200005,0.0784715298,225,70,7,0
43,risk_logistic,abstain_zero_q90,0.717591440123215,60468,0.7527783290335384,659,1.0,0.0035362037900726895,0.05010110720000001,0.037221422800000015,0.067979211192,0.0778539133,363,172,4,0
43,risk_logistic,coverage_q100,0.9921683588267812,60468,1.0,659,1.0,0.021675736349096586,0.048780993359000005,0.0368558094,0.064335336224,0.09423149110000001,370,167,30,8
43,risk_logistic,abstain_zero_q100,0.9921683588267812,60468,1.0,659,1.0,0.021675736349096586,0.048780993359000005,0.0368558094,0.064335336224,0.09423149110000001,370,167,30,8
43,risk_logistic,calibrated_p90_3p5,0.2660537519570955,2278,0.03767281868095521,434,0.6585735963581184,-0.0034840182069755254,0.018155480711000004,0.017520790420000012,0.04811621841799999,0.062352524400000005,3,2,0,0
43,risk_logistic,abstain_zero_calibrated_p90_3p5,0.2660537519570955,60468,0.03767281868095521,659,1.0,-0.00014531566534614626,0.050232269300000035,0.037329839700000006,0.0683981948,0.0699300148,358,170,0,0
43,risk_hybrid,coverage_q10,0.13855478553173853,6452,0.10670106502612953,562,0.8528072837632777,0.00900182037298547,0.02368142951,0.019652509800000006,0.03360343715,0.06188887681000007,10,3,0,0
43,risk_hybrid,abstain_zero_q10,0.13855478553173853,60468,0.10670106502612953,659,1.0,-0.00012601311980597885,0.050248487800000005,0.037375596300000015,0.0683981948,0.0699300148,357,169,0,0
43,risk_hybrid,coverage_q15,0.1821587272350517,9405,0.1555368128596944,600,0.9104704097116844,0.0062323592713341425,0.02451536124,0.02070065716250001,0.033882952772300017,0.059291248586,13,3,0,0
43,risk_hybrid,abstain_zero_q15,0.1821587272350517,60468,0.1555368128596944,659,1.0,-0.0002597950167038121,0.05024449420000002,0.037375596300000015,0.0683981948,0.0699300148,356,169,0,0
43,risk_hybrid,coverage_q20,0.22551055648930537,12272,0.20295032083085268,618,0.9377845220030349,0.0032479978824342393,0.02555014789,0.021466552800000004,0.03474461939199999,0.06742199836000001,25,6,0,0
43,risk_hybrid,abstain_zero_q20,0.22551055648930537,60468,0.20295032083085268,659,1.0,6.000770050862414e-05,0.050248487800000005,0.037424349589999996,0.068297881,0.0699300148,357,171,0,0
43,risk_hybrid,coverage_q25,0.2684882462643612,15003,0.24811470529867038,632,0.9590288315629742,0.00567164054829028,0.026734232,0.023065402023,0.03731676357500002,0.06690455725000001,43,10,0,0
43,risk_hybrid,abstain_zero_q25,0.2684882462643612,60468,0.24811470529867038,659,1.0,0.00028284000079803473,0.05025285400000001,0.037386035950000014,0.068297881,0.0699300148,359,171,0,0
43,risk_hybrid,coverage_q30,0.3100211820505146,17701,0.2927333465634716,639,0.9696509863429439,0.004411061817128248,0.027780502999999998,0.023395397663000018,0.039313747728799996,0.068969425,56,12,0,0
43,risk_hybrid,abstain_zero_q30,0.3100211820505146,60468,0.2927333465634716,659,1.0,-0.0004897526759000126,0.050304937,0.03757728559999999,0.068297881,0.0699300148,359,171,0,0
43,risk_hybrid,coverage_q40,0.3959811663942164,23575,0.38987563670040354,656,0.9954476479514416,0.0029846042232593017,0.02929496070000004,0.025868479700000002,0.040375881184,0.06899343799,88,17,0,0
43,risk_hybrid,abstain_zero_q40,0.3959811663942164,60468,0.38987563670040354,659,1.0,0.00038089958541087654,0.050250245000000006,0.03736172264600001,0.068283161292,0.0699629636,359,171,0,0
43,risk_hybrid,coverage_q50,0.4867669744203716,29723,0.49154924918965404,659,1.0,0.004870442786593099,0.0311469552148,0.027206607832,0.04158852833700001,0.07153121956000001,119,24,1,0
43,risk_hybrid,abstain_zero_q50,0.4867669744203716,60468,0.49154924918965404,659,1.0,-0.00032999735332284175,0.05028576985800006,0.0372383068,0.06821682340000002,0.07024394116,359,171,1,0
43,risk_hybrid,coverage_q60,0.5829553565261438,35958,0.5946616392141297,659,1.0,0.001320777234986914,0.033735643792,0.029073157030999996,0.045866274466100004,0.07321914745,168,44,6,0
43,risk_hybrid,abstain_zero_q60,0.5829553565261438,60468,0.5946616392141297,659,1.0,0.000920001772756307,0.05022141510000003,0.03748806752,0.06819210640000001,0.0733037108,363,172,3,0
43,risk_hybrid,coverage_q70,0.6800278590012203,42262,0.6989151286630946,659,1.0,0.005975299115634769,0.036197594626,0.030890439020000004,0.050587702793000004,0.07584874924,203,65,8,0
43,risk_hybrid,abstain_zero_q70,0.6800278590012203,60468,0.6989151286630946,659,1.0,0.002343449752345239,0.0501674589,0.03737266862000001,0.068297881,0.07378169139,365,173,6,0
43,risk_hybrid,coverage_q80,0.7810270992102779,48604,0.8037970496791691,659,1.0,0.00349601864188942,0.039090914388000005,0.0331668227615,0.05450616269000001,0.08014203619999999,269,86,10,1
43,risk_hybrid,abstain_zero_q80,0.7810270992102779,60468,0.8037970496791691,659,1.0,0.004305642391030817,0.05008159735,0.03735291792,0.067979211192,0.07656052167,364,170,8,0
43,risk_hybrid,coverage_q90,0.886230515967122,54955,0.908827809750612,659,1.0,0.005893121446556626,0.04275615526199998,0.03488934124000001,0.06004231650400001,0.0847035369,324,122,15,2
43,risk_hybrid,abstain_zero_q90,0.886230515967122,60468,0.908827809750612,659,1.0,0.00642215921296474,0.04992522475000002,0.0368558094,0.06715469928800001,0.08407245170000001,363,168,13,2
43,risk_hybrid,coverage_q100,0.9986128059309742,60467,0.9999834623271813,659,1.0,0.021693512186469532,0.048781079022000004,0.0368558094,0.064335336224,0.09423149110000001,370,167,30,8
43,risk_hybrid,abstain_zero_q100,0.9986128059309742,60468,0.9999834623271813,659,1.0,0.021675736349096586,0.048780993359000005,0.0368558094,0.064335336224,0.09423149110000001,370,167,30,8
43,risk_hybrid,calibrated_p90_3p5,0.1821587272350517,9405,0.1555368128596944,600,0.9104704097116844,0.0062323592713341425,0.02451536124,0.02070065716250001,0.033882952772300017,0.059291248586,13,3,0,0
43,risk_hybrid,abstain_zero_calibrated_p90_3p5,0.1821587272350517,60468,0.1555368128596944,659,1.0,-0.0002597950167038121,0.05024449420000002,0.037375596300000015,0.0683981948,0.0699300148,356,169,0,0
43,risk_input_noise,coverage_q10,0.23908418437095325,1836,0.030363167295098234,503,0.7632776934749621,-0.0019513122044076958,0.01959606635,0.062352524400000005,0.062352524400000005,0.062352524400000005,1,1,0,0
43,risk_input_noise,abstain_zero_q10,0.23908418437095325,60468,0.030363167295098234,659,1.0,-0.0001440885275711956,0.050232269300000035,0.037329839700000006,0.0683981948,0.0699300148,358,170,0,0
43,risk_input_noise,coverage_q15,0.27060705347190295,3100,0.051266785737910964,565,0.8573596358118362,-0.0027303661075073205,0.021353144063999997,0.020746088090000017,0.04248006498520004,0.05380516218899999,2,1,0,0
43,risk_input_noise,abstain_zero_q15,0.27060705347190295,60468,0.051266785737910964,659,1.0,-0.0002742407499256583,0.0502419875,0.037329839700000006,0.0683981948,0.0699300148,358,170,0,0
43,risk_input_noise,coverage_q20,0.2977179722920779,4551,0.07526294899781703,610,0.9256449165402124,-0.00841898876690883,0.0229674716,0.019186829829,0.03820610300299999,0.056072535496,5,2,0,0
43,risk_input_noise,abstain_zero_q20,0.2977179722920779,60468,0.07526294899781703,659,1.0,-0.0002839689675511181,0.050232269300000035,0.037329839700000006,0.0683981948,0.0699300148,357,170,0,0
43,risk_input_noise,coverage_q25,0.32334997851749697,6152,0.10173976318052523,629,0.9544764795144158,-0.005048406622424562,0.024061311080000022,0.019625887058000013,0.03387073736000001,0.053579149682000005,7,1,0,0
43,risk_input_noise,abstain_zero_q25,0.32334997851749697,60468,0.10173976318052523,659,1.0,-0.0006149605279990311,0.050250245000000006,0.037375596300000015,0.0683981948,0.0699300148,357,169,0,0
43,risk_input_noise,coverage_q30,0.34784115867307236,7848,0.12978765628100813,644,0.9772382397572079,0.0019287323865003758,0.02467854218,0.01995022944,0.03389064973600001,0.056072535496000005,7,2,0,0
43,risk_input_noise,abstain_zero_q30,0.34784115867307236,60468,0.12978765628100813,659,1.0,-0.00041717245139993864,0.05025285400000001,0.03736172264600001,0.0683981948,0.0699300148,357,169,0,0
43,risk_input_noise,coverage_q40,0.3941939404318734,11837,0.19575643315472646,657,0.9969650986342944,0.0017114272917503337,0.025854359579999993,0.021918734178000002,0.03535343611900002,0.06161399330000001,26,5,0,0
43,risk_input_noise,abstain_zero_q40,0.3941939404318734,60468,0.19575643315472646,659,1.0,-0.0001497864267530069,0.050232711800000045,0.037425761999999994,0.068297881,0.0699300148,357,171,0,0
43,risk_input_noise,coverage_q50,0.44221732481244125,16501,0.2728881391810544,659,1.0,-0.00046334924347424256,0.027858849300000002,0.022865251300000004,0.03921936103260001,0.0669153245,62,10,0,0
43,risk_input_noise,abstain_zero_q50,0.44221732481244125,60468,0.2728881391810544,659,1.0,-0.00034790748884483413,0.0502793309,0.037532894000000004,0.06819210640000001,0.0701375086,359,171,1,0
43,risk_input_noise,coverage_q60,0.4954390993573276,22316,0.3690547066216842,659,1.0,0.0017758559827900644,0.0295988215,0.025032361885000007,0.041192738478,0.06898543366,97,20,0,0
43,risk_input_noise,abstain_zero_q60,0.4954390993573276,60468,0.3690547066216842,659,1.0,-0.000543314281375773,0.05030180280200001,0.03757728559999999,0.068283161292,0.07066626016000001,359,171,1,0
43,risk_input_noise,coverage_q70,0.5551224502672543,29226,0.4833300257987696,659,1.0,0.003652102298649984,0.031865473085,0.0276860684,0.042337577246000006,0.07153247372000002,129,32,2,0
43,risk_input_noise,abstain_zero_q70,0.5551224502672543,60468,0.4833300257987696,659,1.0,0.0011738701783303718,0.050193017400000005,0.037532894000000004,0.068202103692,0.0733037108,362,171,1,0
43,risk_input_noise,coverage_q80,0.6248276141802548,37464,0.6195673744790633,659,1.0,0.004928210335511052,0.03500697067,0.02976036440000001,0.04930569269400002,0.07624204394,198,60,7,0
43,risk_input_noise,abstain_zero_q80,0.6248276141802548,60468,0.6195673744790633,659,1.0,0.002135283406759725,0.050193017400000005,0.03748806752,0.06819937720000001,0.07399339283000002,362,172,4,0
43,risk_input_noise,coverage_q90,0.7163404480979723,47530,0.7860355890719058,659,1.0,0.0051728246282257695,0.039392406738,0.03283065772499999,0.056760911104000014,0.0794737934,279,100,12,0
43,risk_input_noise,abstain_zero_q90,0.7163404480979723,60468,0.7860355890719058,659,1.0,0.005023021164355157,0.049999993,0.037309755959999996,0.06742498863200003,0.0785934321,363,170,8,0
43,risk_input_noise,coverage_q100,0.9924345534794144,60468,1.0,659,1.0,0.021675736349096586,0.048780993359000005,0.0368558094,0.064335336224,0.09423149110000001,370,167,30,8
43,risk_input_noise,abstain_zero_q100,0.9924345534794144,60468,1.0,659,1.0,0.021675736349096586,0.048780993359000005,0.0368558094,0.064335336224,0.09423149110000001,370,167,30,8
43,risk_input_noise,calibrated_p90_3p5,0.23908418437095325,1836,0.030363167295098234,503,0.7632776934749621,-0.0019513122044076958,0.01959606635,0.062352524400000005,0.062352524400000005,0.062352524400000005,1,1,0,0
43,risk_input_noise,abstain_zero_calibrated_p90_3p5,0.23908418437095325,60468,0.030363167295098234,659,1.0,-0.0001440885275711956,0.050232269300000035,0.037329839700000006,0.0683981948,0.0699300148,358,170,0,0
43,risk_disagreement,coverage_q10,0.10002072157115556,6048,0.10001984520738241,571,0.866464339908953,0.004975772030468506,0.029640046890000007,0.02388939831000001,0.03953505247,0.06479608555,16,3,0,0
43,risk_disagreement,abstain_zero_q10,0.10002072157115556,60468,0.10001984520738241,659,1.0,0.0007245406147059485,0.050218352200000003,0.03738560020000001,0.0683981948,0.0699300148,357,168,0,0
43,risk_disagreement,coverage_q15,0.15001957037275804,9071,0.15001323013825493,592,0.8983308042488619,0.006450921770277729,0.030555394538,0.02484929111,0.038134301286,0.0718488699,32,6,1,0
43,risk_disagreement,abstain_zero_q15,0.15001957037275804,60468,0.15001323013825493,659,1.0,0.0007337328716161551,0.05025285400000001,0.037375596300000015,0.0683981948,0.0699300148,358,168,0,0
43,risk_disagreement,coverage_q20,0.2000184191743605,12094,0.20000661506912748,606,0.9195751138088012,0.006411402148387646,0.03091648173800001,0.0260447844,0.041588565169,0.07125291262,55,14,1,0
43,risk_disagreement,abstain_zero_q20,0.2000184191743605,60468,0.20000661506912748,659,1.0,0.0004879086526496934,0.0502792822,0.03738560020000001,0.0683377866,0.0699300148,358,169,0,0
43,risk_disagreement,coverage_q25,0.25001726797596296,15118,0.2500165376728187,620,0.9408194233687405,0.007047994697313764,0.03137121039000001,0.026300531044000007,0.044103650761,0.07013689722000001,73,20,1,0
43,risk_disagreement,abstain_zero_q25,0.25001726797596296,60468,0.2500165376728187,659,1.0,0.0008437473252960181,0.050299396058000004,0.037221422800000015,0.0683377866,0.0699300148,359,169,0,0
43,risk_disagreement,coverage_q30,0.30001611677756546,18141,0.3000099226036912,633,0.960546282245827,0.0061410958233097945,0.0321608404,0.027183170553500002,0.04351028168080002,0.069774953525,97,19,0,0
43,risk_disagreement,abstain_zero_q30,0.30001611677756546,60468,0.3000099226036912,659,1.0,0.00043099065953045024,0.050301505202,0.037221422800000015,0.0683377866,0.069924606,357,170,0,0
43,risk_disagreement,coverage_q40,0.4000138143807703,24188,0.40001323013825496,644,0.9772382397572079,0.0027508191193316156,0.03369816864,0.02853193449050002,0.04728549875799999,0.08102746300000001,140,40,4,1
43,risk_disagreement,abstain_zero_q40,0.4000138143807703,60468,0.40001323013825496,659,1.0,0.0011629989316170875,0.0502792822,0.0371593024,0.0683377866,0.07006701,357,170,1,0
43,risk_disagreement,coverage_q50,0.5000115119839753,30234,0.5,650,0.9863429438543247,0.006927125027456071,0.03483849368900002,0.029803407595000005,0.05026876938800001,0.080615154,179,54,7,1
43,risk_disagreement,abstain_zero_q50,0.5000115119839753,60468,0.5,659,1.0,0.0015903432275304885,0.05024198606000001,0.0371593024,0.0683377866,0.0726233545,360,172,4,0
43,risk_disagreement,coverage_q60,0.6000092095871803,36281,0.6000033075345638,654,0.992412746585736,0.0061406293907649845,0.0361960064,0.030505836590000012,0.050665142499000004,0.0805326922,196,62,7,1
43,risk_disagreement,abstain_zero_q60,0.6000092095871803,60468,0.6000033075345638,659,1.0,0.001538665868891509,0.050232162980000036,0.03708200680000001,0.06819210640000001,0.07560581767000002,360,170,5,0
43,risk_disagreement,coverage_q70,0.7000069071903852,42328,0.7000066150691274,654,0.992412746585736,0.003738828238974534,0.03817456294500002,0.032471994799999994,0.05358339213960005,0.0806976158,244,80,7,1
43,risk_disagreement,abstain_zero_q70,0.7000069071903852,60468,0.7000066150691274,659,1.0,0.0011546981737171613,0.050304937,0.037131933799999996,0.06795075440000001,0.0760591977,361,172,7,0
43,risk_disagreement,coverage_q80,0.80000460479359,48374,0.7999933849308726,658,0.9984825493171472,0.0026321369244708404,0.04030972871000007,0.033825577245,0.056730656733000026,0.08214204345000001,289,109,10,1
43,risk_disagreement,abstain_zero_q80,0.80000460479359,60468,0.7999933849308726,659,1.0,0.0029023124397815625,0.05015983268000003,0.037003529284000025,0.067884333864,0.0809450012,359,172,9,1
43,risk_disagreement,coverage_q90,0.9000023023967951,54421,0.8999966924654362,658,0.9984825493171472,0.0034426871329201747,0.04317634823,0.03514392605,0.061495545628000026,0.08485287080000001,330,129,18,3
43,risk_disagreement,abstain_zero_q90,0.9000023023967951,60468,0.8999966924654362,659,1.0,0.0064809610018655706,0.04992881565000001,0.037131933799999996,0.06700028174000003,0.0842029889,364,174,11,1
43,risk_disagreement,coverage_q100,1.0,60468,1.0,659,1.0,0.021675736349096586,0.048780993359000005,0.0368558094,0.064335336224,0.09423149110000001,370,167,30,8
43,risk_disagreement,abstain_zero_q100,1.0,60468,1.0,659,1.0,0.021675736349096586,0.048780993359000005,0.0368558094,0.064335336224,0.09423149110000001,370,167,30,8
43,risk_disagreement,lowest_risk_available,0.10002072157115556,6048,0.10001984520738241,571,0.866464339908953,0.004975772030468506,0.029640046890000007,0.02388939831000001,0.03953505247,0.06479608555,16,3,0,0
43,risk_disagreement,abstain_zero_lowest_risk_available,0.10002072157115556,60468,0.10001984520738241,659,1.0,0.0007245406147059485,0.050218352200000003,0.03738560020000001,0.0683981948,0.0699300148,357,168,0,0
43,none,full_coverage,inf,60468,1.0,659,1.0,0.021675736349096586,0.048780993359000005,0.0368558094,0.064335336224,0.09423149110000001,370,167,30,8
52,risk_hgb,coverage_q10,0.06465665116809913,2440,0.04035192167758153,552,0.8376327769347496,-0.011307261739023078,0.017413866979999998,0.014877128674500001,0.015065651232500001,0.015112781872,0,0,0,0
52,risk_hgb,abstain_zero_q10,0.06465665116809913,60468,0.04035192167758153,659,1.0,-0.0003034811214890354,0.05022141510000003,0.037221422800000015,0.0683981948,0.0699300148,358,170,0,0
52,risk_hgb,coverage_q15,0.07658051094439973,3518,0.0581795329761196,591,0.8968133535660091,-0.002281081938312779,0.018689166200000006,0.016554202860000002,0.029397985260000002,0.05603969475500001,2,1,0,0
52,risk_hgb,abstain_zero_q15,0.07658051094439973,60468,0.0581795329761196,659,1.0,-0.0005992903102731706,0.050232269300000035,0.037221422800000015,0.0683981948,0.0699300148,358,171,0,0
52,risk_hgb,coverage_q20,0.08638008220600965,4629,0.07655288747767414,615,0.9332321699544764,0.009273406709195853,0.020357271999999992,0.018142061842000002,0.03619412698890001,0.06461336268,6,2,0,0
52,risk_hgb,abstain_zero_q20,0.08638008220600965,60468,0.07655288747767414,659,1.0,-1.5784308373234524e-05,0.050211909900000025,0.037221422800000015,0.0683981948,0.0699300148,358,171,0,0
52,risk_hgb,coverage_q25,0.0946915841328698,5751,0.09510815638023418,626,0.9499241274658573,-0.004170620053948193,0.0218600214,0.019762577040000003,0.03151249277840001,0.0601961378,7,3,0,0
52,risk_hgb,abstain_zero_q25,0.0946915841328698,60468,0.09510815638023418,659,1.0,-0.0002245078408402712,0.050218352200000003,0.037221422800000015,0.0683981948,0.0699300148,357,171,0,0
52,risk_hgb,coverage_q30,0.10306083461572921,7125,0.1178309188331018,639,0.9696509863429439,-0.007900926392596874,0.022744118900000006,0.018577203254499998,0.03544170820978001,0.05810200170000002,13,3,0,0
52,risk_hgb,abstain_zero_q30,0.10306083461572921,60468,0.1178309188331018,659,1.0,0.00017535732470952414,0.05019786710000005,0.037221422800000015,0.0683981948,0.0699300148,358,170,0,0
52,risk_hgb,coverage_q40,0.12268796409662577,10679,0.17660580803069392,652,0.9893778452200304,0.003950053024690092,0.024857997780000005,0.0208361182645,0.034957207059,0.058757314199999994,21,4,0,0
52,risk_hgb,abstain_zero_q40,0.12268796409662577,60468,0.17660580803069392,659,1.0,0.0006762749644084742,0.050193017400000005,0.037329839700000006,0.0683981948,0.0699300148,359,170,0,0
52,risk_hgb,coverage_q50,0.14535296864684133,15172,0.25090957200502745,655,0.9939301972685888,0.005939045776206964,0.02654098728,0.021495199083,0.03623186884160001,0.06098467738000001,37,4,0,0
52,risk_hgb,abstain_zero_q50,0.14535296864684133,60468,0.25090957200502745,659,1.0,0.0009474831583998755,0.050192999599999996,0.037221422800000015,0.06819210640000001,0.06996115641,359,170,0,0
52,risk_hgb,coverage_q60,0.17369216793538308,21044,0.34801878679632203,658,0.9984825493171472,0.008320169678929235,0.028544063900000003,0.0245248678125,0.0386700688,0.07203155943,67,12,1,0
52,risk_hgb,abstain_zero_q60,0.17369216793538308,60468,0.34801878679632203,659,1.0,0.001326119371099499,0.050193017400000005,0.037211592300000006,0.06819210640000001,0.06996115641,358,170,0,0
52,risk_hgb,coverage_q70,0.2119385590210945,28272,0.467553085929748,659,1.0,0.006739532477448851,0.03069866348000001,0.026722213655000007,0.043147957949999996,0.0721401768,125,28,1,0
52,risk_hgb,abstain_zero_q70,0.2119385590210945,60468,0.467553085929748,659,1.0,0.0021049923399344417,0.0501567307,0.037375596300000015,0.06819210640000001,0.07003087346,360,172,1,0
52,risk_hgb,coverage_q80,0.27809039414846604,37780,0.6247932790897665,659,1.0,0.005789135979179405,0.03417548054999999,0.02964598904,0.0471623376468,0.07556236175,186,47,4,0
52,risk_hgb,abstain_zero_q80,0.27809039414846604,60468,0.6247932790897665,659,1.0,0.004103077630894014,0.050064383610000034,0.03719457371600001,0.0681401684,0.07205591988,358,169,3,0
52,risk_hgb,coverage_q90,0.3806655756551954,49119,0.8123139511807899,659,1.0,0.008577003123002025,0.039081289080000005,0.032623817299999996,0.05622925372799999,0.0828284165,273,98,6,2
52,risk_hgb,abstain_zero_q90,0.3806655756551954,60468,0.8123139511807899,659,1.0,0.008003249291018921,0.0498220889,0.037360050699999994,0.06753353776000001,0.081136079,363,168,5,2
52,risk_hgb,coverage_q100,0.7759532873587699,60466,0.9999669246543627,659,1.0,0.032995122972317104,0.047956788449999996,0.03698230809300001,0.0637151253148,0.0962374504,363,166,29,12
52,risk_hgb,abstain_zero_q100,0.7759532873587699,60468,0.9999669246543627,659,1.0,0.032999492557967414,0.04795821560000001,0.03698230809300001,0.0637151253148,0.0962374504,363,166,29,12
52,risk_hgb,calibrated_p90_3p5,0.07658051094439973,3518,0.0581795329761196,591,0.8968133535660091,-0.002281081938312779,0.018689166200000006,0.016554202860000002,0.029397985260000002,0.05603969475500001,2,1,0,0
52,risk_hgb,abstain_zero_calibrated_p90_3p5,0.07658051094439973,60468,0.0581795329761196,659,1.0,-0.0005992903102731706,0.050232269300000035,0.037221422800000015,0.0683981948,0.0699300148,358,171,0,0
52,risk_logistic,coverage_q10,0.24812453256996223,1693,0.027998280082026858,411,0.6236722306525038,-0.014583700280274892,0.01740581076,0.025699552026000005,0.025699552026000005,0.025699552026000005,0,0,0,0
52,risk_logistic,abstain_zero_q10,0.24812453256996223,60468,0.027998280082026858,659,1.0,0.00012525030443266694,0.050211909900000025,0.037329839700000006,0.0683981948,0.0699300148,358,170,0,0
52,risk_logistic,coverage_q15,0.2692510498036788,2766,0.04574320301647152,474,0.7192716236722306,0.009434549520627833,0.018732132755000002,0.01919189577000001,0.03855752716499998,0.05447271537000001,3,1,0,0
52,risk_logistic,abstain_zero_q15,0.2692510498036788,60468,0.04574320301647152,659,1.0,-1.3873953350840296e-05,0.050211909900000025,0.037329839700000006,0.0683981948,0.0699300148,358,170,0,0
52,risk_logistic,coverage_q20,0.2888729806043483,3887,0.06428193424621287,520,0.7890743550834598,0.010930265326654975,0.019822201700000004,0.01816176614,0.035361623343600004,0.056228526570000006,5,2,0,0
52,risk_logistic,abstain_zero_q20,0.2888729806043483,60468,0.06428193424621287,659,1.0,-0.0002985195049722833,0.05022141510000003,0.037329839700000006,0.0683981948,0.0699300148,358,170,0,0
52,risk_logistic,coverage_q25,0.3075898806932167,5153,0.08521862803466296,553,0.8391502276176024,0.003643563977245967,0.021058544232000008,0.017875972324,0.033218346318400004,0.057041850095000006,6,2,0,0
52,risk_logistic,abstain_zero_q25,0.3075898806932167,60468,0.08521862803466296,659,1.0,-0.00014531566534614626,0.050232269300000035,0.037221422800000015,0.0683981948,0.0699300148,358,171,0,0
52,risk_logistic,coverage_q30,0.3271915603858002,6688,0.11060395581133822,565,0.8573596358118362,-0.005009378900179717,0.02240689464100001,0.018977975399500004,0.031569655797,0.058401164,8,1,0,0
52,risk_logistic,abstain_zero_q30,0.3271915603858002,60468,0.11060395581133822,659,1.0,-2.7859344076119896e-07,0.05022141510000003,0.037221422800000015,0.0683981948,0.0699300148,357,171,0,0
52,risk_logistic,coverage_q40,0.3660102918840232,10094,0.16693126943176556,592,0.8983308042488619,0.009490336568149349,0.024474425210000008,0.02044091752,0.03351166316740001,0.05810200170000002,19,4,0,0
52,risk_logistic,abstain_zero_q40,0.3660102918840232,60468,0.16693126943176556,659,1.0,-0.00027236356078907953,0.0502419875,0.037329839700000006,0.0683981948,0.06998363129,359,170,0,0
52,risk_logistic,coverage_q50,0.4109836032601062,14674,0.24267381094132434,612,0.928679817905918,0.005761951003745214,0.026163562670000015,0.02185562516,0.035963995430000006,0.06280318879999999,42,4,0,0
52,risk_logistic,abstain_zero_q50,0.4109836032601062,60468,0.24267381094132434,659,1.0,0.0008230340091046617,0.050211909900000025,0.037329839700000006,0.068297881,0.06998363129,359,170,0,0
52,risk_logistic,coverage_q60,0.4639144907537996,20425,0.3377819673215585,625,0.9484066767830045,0.0054534659178876455,0.028062725096000014,0.024191981640000002,0.038812860659200005,0.06798507864000003,64,11,0,0
52,risk_logistic,abstain_zero_q60,0.4639144907537996,60468,0.3377819673215585,659,1.0,0.0021032535454058587,0.050157201368000004,0.037329839700000006,0.068297881,0.07090595472700001,359,169,1,0
52,risk_logistic,coverage_q70,0.5288892921835054,27451,0.4539756565456109,634,0.9620637329286799,0.006226948368767804,0.02996431653,0.026390575150000005,0.041260528292000005,0.07211501436000001,102,22,2,0
52,risk_logistic,abstain_zero_q70,0.5288892921835054,60468,0.4539756565456109,659,1.0,0.002177431941078445,0.05016984420000003,0.037176808000000026,0.06819210640000001,0.07158526762,360,171,1,0
52,risk_logistic,coverage_q80,0.6092167237778862,35806,0.5921479129456902,649,0.9848254931714719,0.007738390269723339,0.03269821555,0.028951719459999997,0.043126833070400016,0.07443850918,144,37,2,0
52,risk_logistic,abstain_zero_q80,0.6092167237778862,60468,0.5921479129456902,659,1.0,0.003421140984451232,0.05012065908000003,0.03719457371600001,0.06800715688,0.07289084526000002,358,171,2,0
52,risk_logistic,coverage_q90,0.722947387631336,46347,0.7664715221274062,657,0.9969650986342944,0.00624130238217091,0.03723507068,0.031545732645000005,0.05193747711839998,0.079178921,229,73,4,0
52,risk_logistic,abstain_zero_q90,0.722947387631336,60468,0.7664715221274062,659,1.0,0.005536015166393682,0.0499999832,0.037061701521999994,0.0677914928864,0.0782141635,362,169,2,0
52,risk_logistic,coverage_q100,0.9939447345744432,60468,1.0,659,1.0,0.032999492557967414,0.04795821560000001,0.03698230809300001,0.0637151253148,0.0962374504,363,166,29,12
52,risk_logistic,abstain_zero_q100,0.9939447345744432,60468,1.0,659,1.0,0.032999492557967414,0.04795821560000001,0.03698230809300001,0.0637151253148,0.0962374504,363,166,29,12
52,risk_logistic,calibrated_p90_3p5,0.2888729806043483,3887,0.06428193424621287,520,0.7890743550834598,0.010930265326654975,0.019822201700000004,0.01816176614,0.035361623343600004,0.056228526570000006,5,2,0,0
52,risk_logistic,abstain_zero_calibrated_p90_3p5,0.2888729806043483,60468,0.06428193424621287,659,1.0,-0.0002985195049722833,0.05022141510000003,0.037329839700000006,0.0683981948,0.0699300148,358,170,0,0
52,risk_hybrid,coverage_q10,0.14763083369787947,6831,0.1129688430244096,570,0.8649468892261002,0.007454184976327105,0.0235160907,0.020213444850000005,0.035596197554500005,0.058757314199999994,13,2,0,0
52,risk_hybrid,abstain_zero_q10,0.14763083369787947,60468,0.1129688430244096,659,1.0,0.00012525030443266694,0.050211909900000025,0.037329839700000006,0.0683981948,0.06996115641,357,171,0,0
52,risk_hybrid,coverage_q15,0.1889784265420303,9547,0.15788516239994707,599,0.9089529590288316,0.00921757547375468,0.02488463898399999,0.020334282630000013,0.03366948206600001,0.067649022656,16,3,0,0
52,risk_hybrid,abstain_zero_q15,0.1889784265420303,60468,0.15788516239994707,659,1.0,0.00026985091328080024,0.050218352200000003,0.037221422800000015,0.0683981948,0.06998363129,359,170,0,0
52,risk_hybrid,coverage_q20,0.22865678170975987,12094,0.20000661506912748,616,0.9347496206373292,0.0023515087806976753,0.02584663277000001,0.021806927874,0.03723767597064001,0.0626910953400001,30,6,0,0
52,risk_hybrid,abstain_zero_q20,0.22865678170975987,60468,0.20000661506912748,659,1.0,0.0007164043595992986,0.050211909900000025,0.037329839700000006,0.0683981948,0.06998363129,359,170,0,0
52,risk_hybrid,coverage_q25,0.2694092049823867,14734,0.24366607131044518,625,0.9484066767830045,0.0064667042056135715,0.026871465418000007,0.02280070122,0.037176547221000014,0.06207957733999998,40,7,0,0
52,risk_hybrid,abstain_zero_q25,0.2694092049823867,60468,0.24366607131044518,659,1.0,0.0017302894686275216,0.05016984420000003,0.037329839700000006,0.0683981948,0.06998363129,359,170,0,0
52,risk_hybrid,coverage_q30,0.3119149034144545,17656,0.29198915128663094,638,0.9681335356600911,0.007320178409648714,0.02760459113,0.0236241404935,0.03696311160420001,0.06987306477,53,10,0,0
52,risk_hybrid,abstain_zero_q30,0.3119149034144545,60468,0.29198915128663094,659,1.0,0.001134395345060879,0.05018104190000005,0.037329839700000006,0.068297881,0.07000938649999999,359,170,1,0
52,risk_hybrid,coverage_q40,0.39312734556673495,23372,0.3865184891182113,650,0.9863429438543247,0.0067515381096593385,0.029147685868,0.025437131505000016,0.040172797329000004,0.07097515959,81,20,1,0
52,risk_hybrid,abstain_zero_q40,0.39312734556673495,60468,0.3865184891182113,659,1.0,0.00158363390149463,0.05018104190000005,0.037176808000000026,0.06819210640000001,0.070331465547,358,169,1,0
52,risk_hybrid,coverage_q50,0.48404439021020884,29531,0.4883740160084673,659,1.0,0.005692747883726423,0.0310743806,0.02761837532,0.04224058257000001,0.072245111,128,28,2,0
52,risk_hybrid,abstain_zero_q50,0.48404439021020884,60468,0.4883740160084673,659,1.0,0.0017693385845864995,0.050193017400000005,0.03719457371600001,0.06819210640000001,0.07139479549000001,361,172,1,0
52,risk_hybrid,coverage_q60,0.5783229341744757,35769,0.5915360190513991,659,1.0,0.00617178787693784,0.03312774332000001,0.02920374118000001,0.044306358559999995,0.07308221399,165,36,2,0
52,risk_hybrid,abstain_zero_q60,0.5783229341744757,60468,0.5915360190513991,659,1.0,0.0029430531485805655,0.0501567307,0.037221422800000015,0.0681401684,0.07203155943,358,172,2,0
52,risk_hybrid,coverage_q70,0.6759088711348512,41997,0.6945326453661441,659,1.0,0.006310300506404687,0.035503221476000005,0.030687058500000003,0.04951334387983999,0.0749505854,206,59,3,0
52,risk_hybrid,abstain_zero_q70,0.6759088711348512,60468,0.6945326453661441,659,1.0,0.004348854687971304,0.050050932265,0.03719457371600001,0.06794273072,0.07393338067,362,170,2,0
52,risk_hybrid,coverage_q80,0.779258858471669,48707,0.8055004299794933,659,1.0,0.008765790574357779,0.03850154880000001,0.03237971837550001,0.05472152126520001,0.0828969189,265,90,5,1
52,risk_hybrid,abstain_zero_q80,0.779258858471669,60468,0.8055004299794933,659,1.0,0.005724737016448378,0.0499999709,0.03698230809300001,0.06797659348,0.07939526930000002,364,168,3,0
52,risk_hybrid,coverage_q90,0.8850689567840121,55209,0.9130283786465568,659,1.0,0.010018051981271259,0.04250305580000001,0.0348128813,0.06084861235999999,0.08411174210000001,326,128,13,3
52,risk_hybrid,abstain_zero_q90,0.8850689567840121,60468,0.9130283786465568,659,1.0,0.012190432955048625,0.049521426410000007,0.03698954732,0.06637511204000004,0.08330541230000002,363,173,9,2
52,risk_hybrid,coverage_q100,0.9997352243685677,60468,1.0,659,1.0,0.032999492557967414,0.04795821560000001,0.03698230809300001,0.0637151253148,0.0962374504,363,166,29,12
52,risk_hybrid,abstain_zero_q100,0.9997352243685677,60468,1.0,659,1.0,0.032999492557967414,0.04795821560000001,0.03698230809300001,0.0637151253148,0.0962374504,363,166,29,12
52,risk_hybrid,calibrated_p90_3p5,0.1889784265420303,9547,0.15788516239994707,599,0.9089529590288316,0.00921757547375468,0.02488463898399999,0.020334282630000013,0.03366948206600001,0.067649022656,16,3,0,0
52,risk_hybrid,abstain_zero_calibrated_p90_3p5,0.1889784265420303,60468,0.15788516239994707,659,1.0,0.00026985091328080024,0.050218352200000003,0.037221422800000015,0.0683981948,0.06998363129,359,170,0,0
52,risk_input_noise,coverage_q10,0.24246377268807706,1947,0.03219884897797182,516,0.7830045523520486,0.009386226935899744,0.01993725990400001,0.03722099359500001,0.05146443196700001,0.055025291560000016,1,1,0,0
52,risk_input_noise,abstain_zero_q10,0.24246377268807706,60468,0.03219884897797182,659,1.0,0.00012665653799093235,0.050211909900000025,0.037329839700000006,0.0683981948,0.0699300148,358,170,0,0
52,risk_input_noise,coverage_q15,0.2737579207340706,3148,0.05206059403320765,564,0.8558421851289834,-0.0004815296198259489,0.020873615203700017,0.017218207120000002,0.037331528457999995,0.056553855980000005,3,1,0,0
52,risk_input_noise,abstain_zero_q15,0.2737579207340706,60468,0.05206059403320765,659,1.0,0.00012635141184147436,0.050211909900000025,0.037329839700000006,0.0683981948,0.0699300148,358,171,0,0
52,risk_input_noise,coverage_q20,0.30090023705866975,4557,0.07536217503472911,611,0.9271623672230652,-0.004251875127146532,0.02296522788,0.019470473709499996,0.03482668942100001,0.05557786775,4,1,0,0
52,risk_input_noise,abstain_zero_q20,0.30090023705866975,60468,0.07536217503472911,659,1.0,2.520607319533852e-07,0.05022141510000003,0.037221422800000015,0.0683981948,0.0699300148,358,171,0,0
52,risk_input_noise,coverage_q25,0.32575248851512345,6047,0.10000330753456374,632,0.9590288315629742,0.009789202792303775,0.02407778138400002,0.020004588226000004,0.032309346768,0.05619415298,7,1,0,0
52,risk_input_noise,abstain_zero_q25,0.32575248851512345,60468,0.10000330753456374,659,1.0,4.035492321496914e-05,0.050218352200000003,0.037329839700000006,0.0683981948,0.06996115641,358,171,0,0
52,risk_input_noise,coverage_q30,0.35004416682440537,7792,0.128861546603162,644,0.9772382397572079,0.005676349502367062,0.024594587936,0.020322376087000004,0.034048228524,0.0567848613,11,1,0,0
52,risk_input_noise,abstain_zero_q30,0.35004416682440537,60468,0.128861546603162,659,1.0,0.00012609935110929893,0.050211909900000025,0.037329839700000006,0.0683981948,0.06998363129,358,171,0,0
52,risk_input_noise,coverage_q40,0.3963035072064033,11614,0.19206853211616062,656,0.9954476479514416,0.004568656223469247,0.02624354776,0.02187103535,0.03622140328000001,0.0675870745,30,4,0,0
52,risk_input_noise,abstain_zero_q40,0.3963035072064033,60468,0.19206853211616062,659,1.0,0.0006915922971097999,0.0501929538,0.0372422707,0.0683981948,0.0700000225,358,170,1,0
52,risk_input_noise,coverage_q50,0.4433027170108374,16234,0.2684725805384666,659,1.0,0.008172732187736509,0.027672463194,0.022810930563,0.0383981471445,0.060817418760000005,61,13,0,0
52,risk_input_noise,abstain_zero_q50,0.4433027170108374,60468,0.2684725805384666,659,1.0,0.001374316036354406,0.050167188,0.037221422800000015,0.06819210640000001,0.0701375086,359,169,1,0
52,risk_input_noise,coverage_q60,0.49556649210255116,22145,0.3662267645696898,659,1.0,0.006798007625389069,0.02942164282000002,0.02511273489999999,0.04078866588000005,0.07163850754,90,20,1,0
52,risk_input_noise,abstain_zero_q60,0.49556649210255116,60468,0.3662267645696898,659,1.0,0.001048705309219189,0.05022141510000003,0.0372383068,0.06819210640000001,0.070556162543,358,170,1,0
52,risk_input_noise,coverage_q70,0.5546798806594377,29105,0.4813289673877092,659,1.0,0.00664241993047987,0.031473421360000024,0.027552367820000007,0.042074470328,0.07235004519999999,132,28,2,0
52,risk_input_noise,abstain_zero_q70,0.5546798806594377,60468,0.4813289673877092,659,1.0,0.0023920616810232387,0.050157201368000004,0.037324696,0.06794273072,0.07117175805,361,169,1,0
52,risk_input_noise,coverage_q80,0.62333120010576,37391,0.6183601243632996,659,1.0,0.006563678243753923,0.0346338237,0.029820188705000007,0.048787964211000026,0.0726853678,191,57,3,0
52,risk_input_noise,abstain_zero_q80,0.62333120010576,60468,0.6183601243632996,659,1.0,0.004097067707058644,0.050055562090000026,0.037174995440000046,0.06797659348,0.07179963838,358,171,2,0
52,risk_input_noise,coverage_q90,0.714175222111054,47539,0.786184428127274,659,1.0,0.009051545226529623,0.03894123092000001,0.032387385399999996,0.056220101,0.08061671449999999,272,98,9,1
52,risk_input_noise,abstain_zero_q90,0.714175222111054,60468,0.786184428127274,659,1.0,0.008434426900013503,0.04976572901000004,0.03698230809300001,0.06716848352000002,0.07666961300000001,359,169,5,0
52,risk_input_noise,coverage_q100,0.9936438831952745,60468,1.0,659,1.0,0.032999492557967414,0.04795821560000001,0.03698230809300001,0.0637151253148,0.0962374504,363,166,29,12
52,risk_input_noise,abstain_zero_q100,0.9936438831952745,60468,1.0,659,1.0,0.032999492557967414,0.04795821560000001,0.03698230809300001,0.0637151253148,0.0962374504,363,166,29,12
52,risk_input_noise,lowest_risk_available,0.24246377268807706,1947,0.03219884897797182,516,0.7830045523520486,0.009386226935899744,0.01993725990400001,0.03722099359500001,0.05146443196700001,0.055025291560000016,1,1,0,0
52,risk_input_noise,abstain_zero_lowest_risk_available,0.24246377268807706,60468,0.03219884897797182,659,1.0,0.00012665653799093235,0.050211909900000025,0.037329839700000006,0.0683981948,0.0699300148,358,170,0,0
52,risk_disagreement,coverage_q10,0.10002072157115556,6048,0.10001984520738241,576,0.874051593323217,-0.0011447052422195458,0.03207703673000001,0.024355222997000006,0.039123200835000004,0.05830704740000002,18,3,0,0
52,risk_disagreement,abstain_zero_q10,0.10002072157115556,60468,0.10001984520738241,659,1.0,0.0010189369367545886,0.050167188,0.037329839700000006,0.0683981948,0.06998363129,358,170,0,0
52,risk_disagreement,coverage_q15,0.15001957037275804,9071,0.15001323013825493,601,0.9119878603945372,-0.0013056656441896575,0.0318236882,0.02551686398000001,0.041141113630000004,0.06970865671,35,10,0,0
52,risk_disagreement,abstain_zero_q15,0.15001957037275804,60468,0.15001323013825493,659,1.0,0.0010734404268545328,0.050192999599999996,0.037221422800000015,0.0683981948,0.0700000225,358,171,1,0
52,risk_disagreement,coverage_q20,0.2000184191743605,12094,0.20000661506912748,612,0.928679817905918,-0.0026613445258298896,0.03232104609800004,0.026933426920000003,0.04386120303600001,0.0696456639,63,19,0,0
52,risk_disagreement,abstain_zero_q20,0.2000184191743605,60468,0.20000661506912748,659,1.0,0.0008654186845304945,0.050232269300000035,0.037221422800000015,0.0683981948,0.07000938649999999,360,171,1,0
52,risk_disagreement,coverage_q25,0.25001726797596296,15118,0.2500165376728187,623,0.9453717754172989,0.001844667942667244,0.03263278483000001,0.027698338896,0.04382351620960001,0.07136821148,89,22,1,0
52,risk_disagreement,abstain_zero_q25,0.25001726797596296,60468,0.2500165376728187,659,1.0,0.001156737212376635,0.0502430704,0.037221422800000015,0.068297881,0.0701375086,362,171,1,0
52,risk_disagreement,coverage_q30,0.30001611677756546,18141,0.3000099226036912,628,0.952959028831563,0.004112449014753494,0.033275924400000004,0.028838001680000003,0.047649942994000064,0.07226544530000005,106,35,2,0
52,risk_disagreement,abstain_zero_q30,0.30001611677756546,60468,0.3000099226036912,659,1.0,0.000956124637403799,0.050262013706900054,0.0372383068,0.068297881,0.070534520307,363,171,1,0
52,risk_disagreement,coverage_q40,0.4000138143807703,24188,0.40001323013825496,636,0.9650986342943855,0.0030033157659122844,0.03415842976,0.029621996014000004,0.04717965913300003,0.07228474006,138,35,1,0
52,risk_disagreement,abstain_zero_q40,0.4000138143807703,60468,0.40001323013825496,659,1.0,0.0012922172026275103,0.0502419875,0.037329839700000006,0.06819210640000001,0.07178613110000001,362,172,1,0
52,risk_disagreement,coverage_q50,0.5000115119839753,30234,0.5,646,0.9802731411229135,0.0021054682122250146,0.035410261203000004,0.03034894186000001,0.04863300340700001,0.0769677858,187,49,4,0
52,risk_disagreement,abstain_zero_q50,0.5000115119839753,60468,0.5,659,1.0,0.0017036267497098079,0.050250245000000006,0.037375596300000015,0.06810494489600001,0.0726809074,366,173,2,0
52,risk_disagreement,coverage_q60,0.6000092095871803,36281,0.6000033075345638,654,0.992412746585736,0.005174381358115099,0.0365928812,0.03171874684600001,0.05231732604120001,0.08047701080000001,225,65,3,1
52,risk_disagreement,abstain_zero_q60,0.6000092095871803,60468,0.6000033075345638,659,1.0,0.003268307647568691,0.05016049045200002,0.037211592300000006,0.0683392324,0.07665943843000002,365,174,2,0
52,risk_disagreement,coverage_q70,0.7000069071903852,42328,0.7000066150691274,658,0.9984825493171472,0.006890985520793258,0.03798109540000002,0.032212776374,0.05294705317109999,0.08047701080000001,251,73,4,1
52,risk_disagreement,abstain_zero_q70,0.7000069071903852,60468,0.7000066150691274,659,1.0,0.003958470521532531,0.050118896400000015,0.037174995440000046,0.0683356846892,0.0783436589,362,173,2,0
52,risk_disagreement,coverage_q80,0.80000460479359,48374,0.7999933849308726,658,0.9984825493171472,0.009475695430697706,0.03957330778000004,0.03329966547,0.05643811287620003,0.08303695800000001,287,102,5,1
52,risk_disagreement,abstain_zero_q80,0.80000460479359,60468,0.7999933849308726,659,1.0,0.006319425891724517,0.04999780653000001,0.03698230809300001,0.068138128,0.08292970520000001,362,172,3,1
52,risk_disagreement,coverage_q90,0.9000023023967951,54421,0.8999966924654362,659,1.0,0.009912049463763228,0.042396654980000004,0.035063519595999994,0.06081701098,0.0885200354,327,134,15,3
52,risk_disagreement,abstain_zero_q90,0.9000023023967951,60468,0.8999966924654362,659,1.0,0.01196955253347054,0.049612881920000004,0.037174995440000046,0.06749709604000001,0.08848018980000001,365,169,6,1
52,risk_disagreement,coverage_q100,1.0,60468,1.0,659,1.0,0.032999492557967414,0.04795821560000001,0.03698230809300001,0.0637151253148,0.0962374504,363,166,29,12
52,risk_disagreement,abstain_zero_q100,1.0,60468,1.0,659,1.0,0.032999492557967414,0.04795821560000001,0.03698230809300001,0.0637151253148,0.0962374504,363,166,29,12
52,risk_disagreement,lowest_risk_available,0.10002072157115556,6048,0.10001984520738241,576,0.874051593323217,-0.0011447052422195458,0.03207703673000001,0.024355222997000006,0.039123200835000004,0.05830704740000002,18,3,0,0
52,risk_disagreement,abstain_zero_lowest_risk_available,0.10002072157115556,60468,0.10001984520738241,659,1.0,0.0010189369367545886,0.050167188,0.037329839700000006,0.0683981948,0.06998363129,358,170,0,0
52,none,full_coverage,inf,60468,1.0,659,1.0,0.032999492557967414,0.04795821560000001,0.03698230809300001,0.0637151253148,0.0962374504,363,166,29,12
71,risk_hgb,coverage_q10,0.06303131561728001,2463,0.04073228815241119,581,0.881638846737481,-0.002431003623347028,0.017462223840000003,0.019688093691500007,0.0204192841783,0.020602081799999998,0,0,0,0
71,risk_hgb,abstain_zero_q10,0.06303131561728001,60468,0.04073228815241119,659,1.0,-1.3200022550563517e-06,0.05022141510000003,0.037329839700000006,0.0683981948,0.0699300148,358,170,0,0
71,risk_hgb,coverage_q15,0.07401858190050235,3539,0.0585268241053119,618,0.9377845220030349,0.003921823899635468,0.019119992680000003,0.01647611655,0.029586494902500024,0.04140472321600001,2,0,0,0
71,risk_hgb,abstain_zero_q15,0.07401858190050235,60468,0.0585268241053119,659,1.0,-4.2452333848252977e-07,0.05022141510000003,0.037329839700000006,0.0683981948,0.0699300148,358,170,0,0
71,risk_hgb,coverage_q20,0.08396324105718879,4733,0.07827280545081697,632,0.9590288315629742,0.010913947294367898,0.020636388620000005,0.017547903130000004,0.030201988230000004,0.06478651094,4,2,0,0
71,risk_hgb,abstain_zero_q20,0.08396324105718879,60468,0.07827280545081697,659,1.0,4.054065217540259e-05,0.050218352200000003,0.037329839700000006,0.0683981948,0.0699300148,358,170,0,0
71,risk_hgb,coverage_q25,0.09329990229160633,5966,0.09866375603625058,637,0.9666160849772383,-0.006402044026142528,0.02209651765,0.018961696133000003,0.0317413631348,0.0632424227,6,4,0,0
71,risk_hgb,abstain_zero_q25,0.09329990229160633,60468,0.09866375603625058,659,1.0,0.0003115470649168728,0.05019786710000005,0.037329839700000006,0.0683981948,0.0699300148,358,170,0,0
71,risk_hgb,coverage_q30,0.10195433416842715,7364,0.12178342263676656,641,0.9726858877086495,-0.011362588562605414,0.023068636229999998,0.0206051107,0.03143522663520001,0.057881459773999985,7,3,0,0
71,risk_hgb,abstain_zero_q30,0.10195433416842715,60468,0.12178342263676656,659,1.0,4.071311478148765e-05,0.050218352200000003,0.037329839700000006,0.0683981948,0.0699300148,357,170,0,0
71,risk_hgb,coverage_q40,0.12159292161598119,10731,0.17746576701726532,652,0.9893778452200304,0.00686968124277576,0.0248786153,0.020908006905,0.033958964407000004,0.0578315835,15,3,0,0
71,risk_hgb,abstain_zero_q40,0.12159292161598119,60468,0.17746576701726532,659,1.0,0.00015609667431737417,0.050241244742,0.037329839700000006,0.068297881,0.0699300148,358,171,0,0
71,risk_hgb,coverage_q50,0.14529113411917607,15238,0.2520010584110604,658,0.9984825493171472,0.0102895783054483,0.02638911849000002,0.02295808492,0.03852221228,0.0630210313,38,7,0,0
71,risk_hgb,abstain_zero_q50,0.14529113411917607,60468,0.2520010584110604,659,1.0,-3.3075674599203353e-06,0.050271142020000034,0.037221422800000015,0.068297881,0.0699629636,359,171,0,0
71,risk_hgb,coverage_q60,0.17452321856548064,20779,0.3436363034993716,658,0.9984825493171472,0.0013628880835323542,0.028670411906000007,0.024495374288500002,0.039937137564500014,0.068620522267,68,14,0,0
71,risk_hgb,abstain_zero_q60,0.17452321856548064,60468,0.3436363034993716,659,1.0,-0.00030508767699721773,0.050304937,0.037221422800000015,0.0681842108,0.0700000225,360,172,1,0
71,risk_hgb,coverage_q70,0.21735068995551657,28822,0.4766488059800225,658,0.9984825493171472,0.004582936653045433,0.03122288416,0.026763723260000007,0.0435184908,0.0715962543,126,33,3,0
71,risk_hgb,abstain_zero_q70,0.21735068995551657,60468,0.4766488059800225,659,1.0,0.00010606012491420902,0.05035720778000001,0.03722833893000001,0.0681842108,0.07229235214,359,173,2,0
71,risk_hgb,coverage_q80,0.28067483085332806,38408,0.6351789376198981,659,1.0,0.003461574721739802,0.034545868220000046,0.029157475838000005,0.04890104000240002,0.07337967418,183,57,6,0
71,risk_hgb,abstain_zero_q80,0.28067483085332806,60468,0.6351789376198981,659,1.0,-0.0001167969834579008,0.0503875671,0.037221422800000015,0.0681842108,0.07265035551999999,363,174,4,0
71,risk_hgb,coverage_q90,0.39026368969776826,48961,0.8097009988754382,659,1.0,0.002526990621777969,0.039187576450000004,0.032876012350000004,0.055365243022000014,0.0767675615,267,95,12,0
71,risk_hgb,abstain_zero_q90,0.39026368969776826,60468,0.8097009988754382,659,1.0,0.0006101124714756878,0.05035647864,0.037313926,0.067748677032,0.07485539246000002,360,173,10,0
71,risk_hgb,coverage_q100,0.8043815616442708,60463,0.9999173116359066,659,1.0,0.01965460989795942,0.048974566840000025,0.036876397963999996,0.06374997633280001,0.09279294390000001,357,167,27,3
71,risk_hgb,abstain_zero_q100,0.8043815616442708,60468,0.9999173116359066,659,1.0,0.01964965625131443,0.048977370310000004,0.036876397963999996,0.06374997633280001,0.09279294390000001,357,167,27,3
71,risk_hgb,calibrated_p90_3p5,0.06303131561728001,2463,0.04073228815241119,581,0.881638846737481,-0.002431003623347028,0.017462223840000003,0.019688093691500007,0.0204192841783,0.020602081799999998,0,0,0,0
71,risk_hgb,abstain_zero_calibrated_p90_3p5,0.06303131561728001,60468,0.04073228815241119,659,1.0,-1.3200022550563517e-06,0.05022141510000003,0.037329839700000006,0.0683981948,0.0699300148,358,170,0,0
71,risk_logistic,coverage_q10,0.2485278590744533,1682,0.027816365681021367,400,0.6069802731411229,-0.018357450505692707,0.017014928090000003,0.023203083170000006,0.028219029485200005,0.029473016064000004,0,0,0,0
71,risk_logistic,abstain_zero_q10,0.2485278590744533,60468,0.027816365681021367,659,1.0,-2.7859344076119896e-07,0.05022141510000003,0.037329839700000006,0.0683981948,0.0699300148,358,170,0,0
71,risk_logistic,coverage_q15,0.2700919887949484,2815,0.04655354898458689,472,0.716236722306525,0.0037618164641256557,0.01802048962,0.01711955596475,0.035483302194,0.06401446681999999,2,1,0,0
71,risk_logistic,abstain_zero_q15,0.2700919887949484,60468,0.04655354898458689,659,1.0,0.0,0.05022141510000003,0.037329839700000006,0.0683981948,0.0699300148,358,170,0,0
71,risk_logistic,coverage_q20,0.28948758173519823,3961,0.06550572203479527,509,0.7723823975720789,0.0003200883952765299,0.0199409266,0.017992432920000002,0.03461721958480001,0.057881459773999985,5,2,0,0
71,risk_logistic,abstain_zero_q20,0.28948758173519823,60468,0.06550572203479527,659,1.0,-0.00030592345731972337,0.05024449420000002,0.037329839700000006,0.0683981948,0.0699300148,358,170,0,0
71,risk_logistic,coverage_q25,0.30845711767743006,5283,0.08736852550109149,534,0.8103186646433991,0.0033654513429910438,0.020918929434000005,0.018409798900000003,0.03203219614800001,0.053048155504,5,2,0,0
71,risk_logistic,abstain_zero_q25,0.30845711767743006,60468,0.08736852550109149,659,1.0,-0.00030609591992591945,0.05024449420000002,0.037375596300000015,0.0683981948,0.0699300148,358,170,0,0
71,risk_logistic,coverage_q30,0.32695941070326867,6821,0.1128034662962228,554,0.8406676783004552,-0.015213771075058613,0.022638225,0.01881166424500002,0.029765169408,0.054409242260000004,6,1,0,0
71,risk_logistic,abstain_zero_q30,0.32695941070326867,60468,0.1128034662962228,659,1.0,-0.00035943462411602844,0.050248487800000005,0.037375596300000015,0.0683981948,0.0699300148,358,170,0,0
71,risk_logistic,coverage_q40,0.3655938241421609,10351,0.17118145134616658,585,0.8877086494688923,0.0005336264409955271,0.024915253999999998,0.020712800890000008,0.03319016569939999,0.05563647548499999,20,3,0,0
71,risk_logistic,abstain_zero_q40,0.3655938241421609,60468,0.17118145134616658,659,1.0,-0.00011733957734993972,0.05025285400000001,0.037329839700000006,0.0683981948,0.0699300148,359,171,0,0
71,risk_logistic,coverage_q50,0.4109481101785627,15194,0.2512734008070384,605,0.9180576631259484,0.0035510209454071573,0.026178258037,0.022466493521600003,0.036534265362,0.054409242260000004,41,4,0,0
71,risk_logistic,abstain_zero_q50,0.4109481101785627,60468,0.2512734008070384,659,1.0,-8.383009296553112e-05,0.0502792861,0.037329839700000006,0.0683981948,0.0699300148,359,171,0,0
71,risk_logistic,coverage_q60,0.4644898751893286,20939,0.3462823311503605,625,0.9484066767830045,0.0006080285417731091,0.028142508490000002,0.024198677980000003,0.0388186808644,0.069414011385,74,14,0,0
71,risk_logistic,abstain_zero_q60,0.4644898751893286,60468,0.3462823311503605,659,1.0,0.00048171419382558867,0.05025285400000001,0.037281988720000006,0.068297881,0.0699300148,360,172,0,0
71,risk_logistic,coverage_q70,0.5306214631146263,28007,0.4631706026327975,640,0.9711684370257967,0.0011073064707859404,0.030197928848000002,0.026271999468000004,0.040915633385000004,0.06975028775,106,20,0,0
71,risk_logistic,abstain_zero_q70,0.5306214631146263,60468,0.4631706026327975,659,1.0,0.0003319544324450474,0.05030906282000002,0.03722833893000001,0.0681401684,0.0700000225,361,173,1,0
71,risk_logistic,coverage_q80,0.6112629801770293,36252,0.599523715022822,651,0.9878603945371776,0.0025886412000073467,0.03315464449,0.02906550188,0.04499136868400003,0.074727501,165,39,4,0
71,risk_logistic,abstain_zero_q80,0.6112629801770293,60468,0.599523715022822,659,1.0,0.001239353433922008,0.0502792861,0.03722833893000001,0.0681933082,0.07338951961000001,363,174,3,0
71,risk_logistic,coverage_q90,0.7272347347999492,46815,0.774211153006549,657,0.9969650986342944,0.00425523039103326,0.03774127416,0.03214021700000001,0.052505456363139996,0.0783729294,238,75,8,0
71,risk_logistic,abstain_zero_q90,0.7272347347999492,60468,0.774211153006549,659,1.0,0.0004892269302786412,0.05039510553000001,0.036833742399999994,0.068024444768,0.0779118576,358,171,5,0
71,risk_logistic,coverage_q100,0.9925086592689542,60467,0.9999834623271813,659,1.0,0.01961266713472798,0.0489778882,0.036876397963999996,0.06374997633280001,0.09279294390000001,357,167,28,3
71,risk_logistic,abstain_zero_q100,0.9925086592689542,60468,0.9999834623271813,659,1.0,0.019627403401236698,0.04897957390000002,0.036876397963999996,0.06374997633280001,0.09279294390000001,357,167,28,3
71,risk_logistic,lowest_risk_available,0.2485278590744533,1682,0.027816365681021367,400,0.6069802731411229,-0.018357450505692707,0.017014928090000003,0.023203083170000006,0.028219029485200005,0.029473016064000004,0,0,0,0
71,risk_logistic,abstain_zero_lowest_risk_available,0.2485278590744533,60468,0.027816365681021367,659,1.0,-2.7859344076119896e-07,0.05022141510000003,0.037329839700000006,0.0683981948,0.0699300148,358,170,0,0
71,risk_hybrid,coverage_q10,0.14273939170676675,6636,0.10974399682476682,564,0.8558421851289834,-0.00621210230771152,0.023038698150000002,0.019453304244999997,0.031542036226,0.06145543505800003,5,1,0,0
71,risk_hybrid,abstain_zero_q10,0.14273939170676675,60468,0.10974399682476682,659,1.0,-0.0002742407499256583,0.0502419875,0.037375596300000015,0.0683981948,0.0699300148,360,170,0,0
71,risk_hybrid,coverage_q15,0.18447839200607832,9391,0.15530528544023284,605,0.9180576631259484,0.0053943980742053865,0.024500803,0.021024748815,0.033213182736600025,0.0573096362,14,1,0,0
71,risk_hybrid,abstain_zero_q15,0.18447839200607832,60468,0.15530528544023284,659,1.0,-3.972477138414199e-05,0.0502419875,0.037375596300000015,0.0683981948,0.0699300148,359,170,0,0
71,risk_hybrid,coverage_q20,0.22781295328436904,12276,0.2030164715221274,621,0.9423368740515933,0.004961125961339241,0.02586985956,0.021803173572000012,0.035301780070000004,0.05500082676000001,28,3,0,0
71,risk_hybrid,abstain_zero_q20,0.22781295328436904,60468,0.2030164715221274,659,1.0,2.0841442642804964e-06,0.05025285400000001,0.037375596300000015,0.0683981948,0.0699300148,359,171,0,0
71,risk_hybrid,coverage_q25,0.2694782768862386,14975,0.2476516504597473,636,0.9650986342943855,0.00760961931140125,0.026178171296,0.0224345029235,0.0362569925662,0.0681501806,34,6,0,0
71,risk_hybrid,abstain_zero_q25,0.2694782768862386,60468,0.2476516504597473,659,1.0,0.00046274184784500516,0.050250245000000006,0.03737982719,0.0683981948,0.0699300148,359,171,0,0
71,risk_hybrid,coverage_q30,0.31078212419128315,17666,0.2921545280148178,644,0.9772382397572079,0.007170297384436974,0.027480675250000003,0.024353814240000007,0.037035101300000046,0.06759047746,51,8,0,0
71,risk_hybrid,abstain_zero_q30,0.31078212419128315,60468,0.2921545280148178,659,1.0,0.0006464853657766056,0.05025285400000001,0.03737982719,0.068297881,0.0699300148,360,171,0,0
71,risk_hybrid,coverage_q40,0.3963150139295006,23340,0.3859892835880135,655,0.9939301972685888,0.0036491825778033338,0.029200583480000004,0.025333124000000002,0.0405274191564,0.06951737214999999,93,17,0,0
71,risk_hybrid,abstain_zero_q40,0.3963150139295006,60468,0.3859892835880135,659,1.0,-0.00010648769951360215,0.05030062820000002,0.03737982719,0.06821682340000002,0.0699300148,360,171,0,0
71,risk_hybrid,coverage_q50,0.4867727304123593,29514,0.4880928755705497,658,0.9984825493171472,0.0025140628704609647,0.031125081149999997,0.027202320579999998,0.0421558267818,0.0696716587,130,29,0,0
71,risk_hybrid,abstain_zero_q50,0.4867727304123593,60468,0.4880928755705497,659,1.0,-5.540480621224475e-05,0.050304641440000006,0.037221422800000015,0.0681401684,0.07004068004,358,172,1,0
71,risk_hybrid,coverage_q60,0.5818202749061773,35947,0.5944797248131243,659,1.0,0.0018423544158596705,0.033303296944000006,0.029235720379999993,0.04700849076500001,0.07241058771,166,47,4,0
71,risk_hybrid,abstain_zero_q60,0.5818202749061773,60468,0.5944797248131243,659,1.0,-0.00026089055224387536,0.05037620898000001,0.0372383068,0.0681842108,0.07229235214,359,172,2,0
71,risk_hybrid,coverage_q70,0.679172518591854,42346,0.7003042931798638,659,1.0,0.005651685952330454,0.03591725085,0.0310623879775,0.050063828750200004,0.07470733930000001,220,63,9,0
71,risk_hybrid,abstain_zero_q70,0.679172518591854,60468,0.7003042931798638,659,1.0,0.0007925917058402288,0.050318877100000006,0.037221422800000015,0.0681842108,0.07287998687000001,360,173,4,0
71,risk_hybrid,coverage_q80,0.7774641401699168,48646,0.8044916319375538,659,1.0,0.0034245946345551337,0.0388648089,0.03321852167,0.05488716639480001,0.0767675615,271,95,10,0
71,risk_hybrid,abstain_zero_q80,0.7774641401699168,60468,0.8044916319375538,659,1.0,0.0005061286636764972,0.050359730400000004,0.03687115898,0.06783121584000001,0.07485539246000002,359,174,8,0
71,risk_hybrid,coverage_q90,0.883124582690581,55085,0.9109777072170404,659,1.0,0.006101323995491681,0.04260988547199999,0.034792223899999995,0.06012254599360001,0.08255153200000001,321,126,18,1
71,risk_hybrid,abstain_zero_q90,0.883124582690581,60468,0.9109777072170404,659,1.0,0.00254864298852997,0.050210732309000014,0.03687115898,0.06722534022240001,0.08175162800000002,358,167,15,1
71,risk_hybrid,coverage_q100,0.9987797296986163,60467,0.9999834623271813,659,1.0,0.01961266713472798,0.0489778882,0.036876397963999996,0.06374997633280001,0.09279294390000001,357,167,28,3
71,risk_hybrid,abstain_zero_q100,0.9987797296986163,60468,0.9999834623271813,659,1.0,0.019627403401236698,0.04897957390000002,0.036876397963999996,0.06374997633280001,0.09279294390000001,357,167,28,3
71,risk_hybrid,calibrated_p90_3p5,0.14273939170676675,6636,0.10974399682476682,564,0.8558421851289834,-0.00621210230771152,0.023038698150000002,0.019453304244999997,0.031542036226,0.06145543505800003,5,1,0,0
71,risk_hybrid,abstain_zero_calibrated_p90_3p5,0.14273939170676675,60468,0.10974399682476682,659,1.0,-0.0002742407499256583,0.0502419875,0.037375596300000015,0.0683981948,0.0699300148,360,170,0,0
71,risk_input_noise,coverage_q10,0.24277376670903075,2147,0.035506383541708014,523,0.7936267071320182,-0.003419387959675557,0.019616544000000007,0.025455192023000003,0.04338300654220003,0.04786496017200004,1,0,0,0
71,risk_input_noise,abstain_zero_q10,0.24277376670903075,60468,0.035506383541708014,659,1.0,-0.00014046681284107798,0.050232269300000035,0.037329839700000006,0.0683981948,0.0699300148,358,170,0,0
71,risk_input_noise,coverage_q15,0.2755528364415361,3546,0.05864258781504267,587,0.8907435508345979,0.006132170253460467,0.0213508018,0.02022571998,0.039049741228000014,0.054279803,3,2,0,0
71,risk_input_noise,abstain_zero_q15,0.2755528364415361,60468,0.05864258781504267,659,1.0,7.694485506526405e-07,0.05022141510000003,0.037329839700000006,0.0683981948,0.0699300148,358,170,0,0
71,risk_input_noise,coverage_q20,0.30270108674424406,4942,0.08172917906992128,620,0.9408194233687405,-0.01209984287422694,0.02303242625600003,0.01938370282,0.034928759475600014,0.05438047798,5,1,0,0
71,risk_input_noise,abstain_zero_q20,0.30270108674424406,60468,0.08172917906992128,659,1.0,0.00012609935110929893,0.050211909900000025,0.037329839700000006,0.0683981948,0.0699300148,358,170,0,0
71,risk_input_noise,coverage_q25,0.3282458860255567,6665,0.11022358933650857,633,0.960546282245827,0.0008407383346991093,0.024093537000000012,0.019116154660850003,0.0339351531399,0.05609447213200002,8,2,0,0
71,risk_input_noise,abstain_zero_q25,0.3282458860255567,60468,0.11022358933650857,659,1.0,0.0001258207576684267,0.050211909900000025,0.037375596300000015,0.0683981948,0.0699300148,358,170,0,0
71,risk_input_noise,coverage_q30,0.3521019802961882,8472,0.14010716411986504,646,0.9802731411229135,0.0052526917093341785,0.024628041630000007,0.020164039340000002,0.034063282232900005,0.052947480523999994,13,1,0,0
71,risk_input_noise,abstain_zero_q30,0.3521019802961882,60468,0.14010716411986504,659,1.0,-7.303260718249938e-05,0.05024449420000002,0.037375596300000015,0.0683981948,0.0699300148,358,169,0,0
71,risk_input_noise,coverage_q40,0.39915669908571666,12414,0.20529867037110539,655,0.9939301972685888,0.008101725674327986,0.02607526419100001,0.021825201672,0.0351120832184,0.0681501806,28,5,0,0
71,risk_input_noise,abstain_zero_q40,0.39915669908571666,60468,0.20529867037110539,659,1.0,-0.00018022846469034626,0.050259785480000034,0.037281988720000006,0.0683981948,0.0699300148,360,170,0,0
71,risk_input_noise,coverage_q50,0.4470046931006613,17215,0.28469603757359263,659,1.0,0.0045248105442718956,0.028002955640000007,0.0237697463,0.03821646435440001,0.06732205764,61,5,0,0
71,risk_input_noise,abstain_zero_q50,0.4470046931006613,60468,0.28469603757359263,659,1.0,-0.00018022846469034626,0.050259785480000034,0.03737982719,0.0681401684,0.0701375086,358,171,1,0
71,risk_input_noise,coverage_q60,0.5007378413539686,23110,0.38218561883971686,659,1.0,0.0037317984466777032,0.029709978650000007,0.025677987920000016,0.041269402210000014,0.0692602279,98,23,0,0
71,risk_input_noise,abstain_zero_q60,0.5007378413539686,60468,0.38218561883971686,659,1.0,-0.00045988573442268255,0.050324920900000035,0.03737982719,0.0681401684,0.07067307178000001,361,172,1,0
71,risk_input_noise,coverage_q70,0.558214353316568,29753,0.49204537937421444,659,1.0,0.0006232929702794099,0.031910255799999995,0.027675836199999998,0.04217455900120001,0.07119942264,133,34,2,0
71,risk_input_noise,abstain_zero_q70,0.558214353316568,60468,0.49204537937421444,659,1.0,0.0003451294081192602,0.050304419008000006,0.03737982719,0.0681401684,0.07230705967,360,172,1,0
71,risk_input_noise,coverage_q80,0.6256362125896481,37869,0.626265131970629,659,1.0,0.00271988118359201,0.035341980360000025,0.030342262135300002,0.04947717787100001,0.07614148658,213,61,7,0
71,risk_input_noise,abstain_zero_q80,0.6256362125896481,60468,0.626265131970629,659,1.0,0.0009596384555483617,0.050304698440000004,0.03722833893000001,0.06822249108000002,0.0735175636,361,173,4,0
71,risk_input_noise,coverage_q90,0.7141703397240027,47683,0.788565853013164,659,1.0,0.004320903434087198,0.03932385952000001,0.03301097602,0.05704114032,0.07903730490000001,276,105,14,0
71,risk_input_noise,abstain_zero_q90,0.7141703397240027,60468,0.788565853013164,659,1.0,0.0024686071922976893,0.05022778160000001,0.036833742399999994,0.067463772448,0.078146669,360,171,10,0
71,risk_input_noise,coverage_q100,0.9920131659200371,60468,1.0,659,1.0,0.019627403401236698,0.04897957390000002,0.036876397963999996,0.06374997633280001,0.09279294390000001,357,167,28,3
71,risk_input_noise,abstain_zero_q100,0.9920131659200371,60468,1.0,659,1.0,0.019627403401236698,0.04897957390000002,0.036876397963999996,0.06374997633280001,0.09279294390000001,357,167,28,3
71,risk_input_noise,calibrated_p90_3p5,0.24277376670903075,2147,0.035506383541708014,523,0.7936267071320182,-0.003419387959675557,0.019616544000000007,0.025455192023000003,0.04338300654220003,0.04786496017200004,1,0,0,0
71,risk_input_noise,abstain_zero_calibrated_p90_3p5,0.24277376670903075,60468,0.035506383541708014,659,1.0,-0.00014046681284107798,0.050232269300000035,0.037329839700000006,0.0683981948,0.0699300148,358,170,0,0
71,risk_disagreement,coverage_q10,0.10002072157115556,6048,0.10001984520738241,558,0.8467374810318664,0.008270390229939584,0.030839080370000004,0.024136777570000004,0.0330970227636,0.067513521456,9,4,0,0
71,risk_disagreement,abstain_zero_q10,0.10002072157115556,60468,0.10001984520738241,659,1.0,0.0003592953273958699,0.050211909900000025,0.037375596300000015,0.0683981948,0.0699300148,360,169,0,0
71,risk_disagreement,coverage_q15,0.15001957037275804,9071,0.15001323013825493,592,0.8983308042488619,0.006008794480340085,0.0313001178,0.025526430901999998,0.041740120113200004,0.06771658811999999,34,8,0,0
71,risk_disagreement,abstain_zero_q15,0.15001957037275804,60468,0.15001323013825493,659,1.0,-0.000273398336426256,0.0502419875,0.037425761999999994,0.0683981948,0.0699300148,360,169,0,0
71,risk_disagreement,coverage_q20,0.2000184191743605,12094,0.20000661506912748,607,0.921092564491654,0.004392400277309472,0.031596987720000004,0.02615145723150001,0.044174174855000005,0.069947416764,64,18,0,0
71,risk_disagreement,abstain_zero_q20,0.2000184191743605,60468,0.20000661506912748,659,1.0,-0.000522440972951399,0.050250245000000006,0.037425761999999994,0.0683981948,0.0699300148,357,170,0,0
71,risk_disagreement,coverage_q25,0.25001726797596296,15118,0.2500165376728187,621,0.9423368740515933,0.0040020912390426044,0.03221624756000004,0.02624056276000001,0.044433216213599996,0.0696716587,84,21,0,0
71,risk_disagreement,abstain_zero_q25,0.25001726797596296,60468,0.2500165376728187,659,1.0,-0.00010125014282702516,0.050218352200000003,0.037425761999999994,0.06821682340000002,0.0699300148,356,171,0,0
71,risk_disagreement,coverage_q30,0.30001611677756546,18141,0.3000099226036912,635,0.9635811836115327,0.002207954476709739,0.0325848705,0.027555874799999998,0.044369994355200004,0.069775067974,94,24,0,0
71,risk_disagreement,abstain_zero_q30,0.30001611677756546,60468,0.3000099226036912,659,1.0,-0.0002622638852431969,0.05025285400000001,0.03738560020000001,0.06821682340000002,0.0699300148,356,170,0,0
71,risk_disagreement,coverage_q40,0.4000138143807703,24188,0.40001323013825496,643,0.9757207890743551,-0.0011532193881753638,0.03377938854,0.029160971229500003,0.047220293842,0.07183968812,137,35,1,0
71,risk_disagreement,abstain_zero_q40,0.4000138143807703,60468,0.40001323013825496,659,1.0,-0.0004255010686444738,0.05028517980000006,0.037176808000000026,0.06821682340000002,0.0699300148,353,168,0,0
71,risk_disagreement,coverage_q50,0.5000115119839753,30234,0.5,649,0.9848254931714719,0.0009228384054549288,0.03501394641,0.030011485921600002,0.0491808421892,0.07166299228,178,46,3,0
71,risk_disagreement,abstain_zero_q50,0.5000115119839753,60468,0.5,659,1.0,0.00026599862931253604,0.05030588648,0.037176808000000026,0.06800715688,0.07061683783,354,169,1,0
71,risk_disagreement,coverage_q60,0.6000092095871803,36281,0.6000033075345638,655,0.9939301972685888,0.004115956089527972,0.036294680020000004,0.030916182376000013,0.052673811533000006,0.07793605715,207,73,8,0
71,risk_disagreement,abstain_zero_q60,0.6000092095871803,60468,0.6000033075345638,659,1.0,0.00046910492203233733,0.050318877100000006,0.037221422800000015,0.0681235364,0.07146844352000001,356,170,3,0
71,risk_disagreement,coverage_q70,0.7000069071903852,42328,0.7000066150691274,659,1.0,0.0006859204364474403,0.03805181609000001,0.032516868279999986,0.053162590162,0.0759061842,240,79,8,0
71,risk_disagreement,abstain_zero_q70,0.7000069071903852,60468,0.7000066150691274,659,1.0,0.0008390398655953035,0.05031541340000001,0.0372383068,0.06802006000000001,0.07203370451,357,170,4,0
71,risk_disagreement,coverage_q80,0.80000460479359,48374,0.7999933849308726,659,1.0,0.0045426241297465975,0.03993137762000001,0.034151067273,0.0566261388,0.0822165425,298,113,12,1
71,risk_disagreement,abstain_zero_q80,0.80000460479359,60468,0.7999933849308726,659,1.0,6.588336883839307e-05,0.0503878792,0.037221422800000015,0.067779853076,0.07243263117999998,356,173,8,0
71,risk_disagreement,coverage_q90,0.9000023023967951,54421,0.8999966924654362,659,1.0,0.005673293286169279,0.042686086500000005,0.0351353346,0.06032306894000001,0.0809225121,326,140,20,1
71,risk_disagreement,abstain_zero_q90,0.9000023023967951,60468,0.8999966924654362,659,1.0,0.004254645596368789,0.05009452976000003,0.037273414770000006,0.067028765124,0.0804266328,357,170,13,1
71,risk_disagreement,coverage_q100,1.0,60468,1.0,659,1.0,0.019627403401236698,0.04897957390000002,0.036876397963999996,0.06374997633280001,0.09279294390000001,357,167,28,3
71,risk_disagreement,abstain_zero_q100,1.0,60468,1.0,659,1.0,0.019627403401236698,0.04897957390000002,0.036876397963999996,0.06374997633280001,0.09279294390000001,357,167,28,3
71,risk_disagreement,lowest_risk_available,0.10002072157115556,6048,0.10001984520738241,558,0.8467374810318664,0.008270390229939584,0.030839080370000004,0.024136777570000004,0.0330970227636,0.067513521456,9,4,0,0
71,risk_disagreement,abstain_zero_lowest_risk_available,0.10002072157115556,60468,0.10001984520738241,659,1.0,0.0003592953273958699,0.050211909900000025,0.037375596300000015,0.0683981948,0.0699300148,360,169,0,0
71,none,full_coverage,inf,60468,1.0,659,1.0,0.019627403401236698,0.04897957390000002,0.036876397963999996,0.06374997633280001,0.09279294390000001,357,167,28,3
